id,href


165145,https://hotline.ua/computer-moduli-pamyati-dlya-pk-i-noutbukov/kingston-16-gb-so-dimm-ddr4-3200-mhz-kvr32s22d816/
165141,https://hotline.ua/computer-moduli-pamyati-dlya-pk-i-noutbukov/silicon_power_2_gb_ddr3_1333_mhz_sp002gbltu133v02/
165140,https://hotline.ua/computer-moduli-pamyati-dlya-pk-i-noutbukov/transcend-8-gb-ddr4-2666-mhz-jm2666hlb-8g/
165139,https://hotline.ua/computer-moduli-pamyati-dlya-pk-i-noutbukov/micron-4-gb-so-dimm-ddr3-1600-mhz-mt8ktf51264hz-1g9p1/
165138,https://hotline.ua/computer-moduli-pamyati-dlya-pk-i-noutbukov/kingston-4-gb-so-dimm-ddr3-1600-mhz-ktl-tp3c4g/
165130,https://hotline.ua/computer-moduli-pamyati-dlya-pk-i-noutbukov/samsung-16-gb-ddr4-2666-mhz-m378a2k43cb1-ctd/
165131,https://hotline.ua/computer-moduli-pamyati-dlya-pk-i-noutbukov/samsung-16-gb-ddr4-2400-mhz-m378a2k43bb1-crc/
165132,https://hotline.ua/computer-moduli-pamyati-dlya-pk-i-noutbukov/sk-hynix-16-gb-ddr4-2400-mhz-hma82gu6afr8n-uh/
165121,https://hotline.ua/computer-moduli-pamyati-dlya-pk-i-noutbukov/hyperx-32-gb-2x16gb-so-dimm-ddr4-3200-mhz-impact-hx432s20ib2k232/
165118,https://hotline.ua/computer-moduli-pamyati-dlya-pk-i-noutbukov/kingston-8-gb-ddr4-2666-mhz-hyperx-fury-black-hx426c16fb28/
164770,https://hotline.ua/computer-moduli-pamyati-dlya-pk-i-noutbukov/kingston-16-gb-so-dimm-ddr4-2400-mhz-kcp424sd816/
165094,https://hotline.ua/computer-moduli-pamyati-dlya-pk-i-noutbukov/goodram-16-gb-so-dimm-ddr4-3200-mhz-gr3200s464l2216g/
165096,https://hotline.ua/computer-moduli-pamyati-dlya-pk-i-noutbukov/goodram-16-gb-so-dimm-ddr4-2666-mhz-gr2666s464l1916g/
165089,https://hotline.ua/computer-moduli-pamyati-dlya-pk-i-noutbukov/crucial_4_gb_so-dimm_ddr3_1333_mhz_ct51264bc1339/
165088,https://hotline.ua/computer-moduli-pamyati-dlya-pk-i-noutbukov/sk-hynix-16-gb-ddr4-2666-mhz-hma82gu6cjr8n-vk/
165083,https://hotline.ua/computer-moduli-pamyati-dlya-pk-i-noutbukov/sk-hynix-4-gb-ddr4-2666-mhz-hma851u6cjr6n-vk/
165082,https://hotline.ua/computer-moduli-pamyati-dlya-pk-i-noutbukov/sk-hynix-8-gb-so-dimm-ddr4-3200-mhz-hmaa1gs6cjr6n-xn/
164417,https://hotline.ua/computer-moduli-pamyati-dlya-pk-i-noutbukov/hynix-8-gb-ddr3-1600-mhz-hmt41gu6bfr8c-pb/
164431,https://hotline.ua/computer-moduli-pamyati-dlya-pk-i-noutbukov/sk-hynix-8-gb-ddr3-1600-mhz-hmt41gu6afr8a-pb/
164823,https://hotline.ua/computer-moduli-pamyati-dlya-pk-i-noutbukov/sk-hynix-2-gb-so-dimm-ddr3-1066-mhz-hmt125s6bfr8c-g7/
165008,https://hotline.ua/computer-moduli-pamyati-dlya-pk-i-noutbukov/kingston-8-gb-2x4gb-ddr3-1333-mhz-kvr1333d3n9k28g/
165063,https://hotline.ua/computer-moduli-pamyati-dlya-pk-i-noutbukov/crucial-4-gb-ddr3l-1600-mhz-ct51264bd160bj/
165047,https://hotline.ua/computer-moduli-pamyati-dlya-pk-i-noutbukov/hynix_4_gb_ddr3_1333_mhz_hmt351u6bfr8c-h9/
164430,https://hotline.ua/computer-moduli-pamyati-dlya-pk-i-noutbukov/hynix-8-gb2x4gb-so-dimm-ddr3-1600-mhz-hmt41gs6afr8c-pbn0/
164419,https://hotline.ua/computer-moduli-pamyati-dlya-pk-i-noutbukov/micron-8-gb-ddr3-1600-mhz-mt16jtf1g64az-1g6e1/
164417,https://hotline.ua/computer-moduli-pamyati-dlya-pk-i-noutbukov/hynix-8-gb-ddr3-1600-mhz-hmt41gu6bfr8c-pb/
164389,https://hotline.ua/computer-moduli-pamyati-dlya-pk-i-noutbukov/crucial-4-gb-so-dimm-ddr3-1333-mhz-ct51264bf1339/
164302,https://hotline.ua/computer-moduli-pamyati-dlya-pk-i-noutbukov/sk-hynix-4-gb-ddr4-2400-mhz-hma851u6cjr6n-uh/
164294,https://hotline.ua/computer-moduli-pamyati-dlya-pk-i-noutbukov/samsung-8-gb-ddr3-1600-mhz-m378b1g73bh0-ck0/
163941,https://hotline.ua/computer-moduli-pamyati-dlya-pk-i-noutbukov/micron-2-gb-so-dimm-ddr3-1066-mhz-mt8jsf25664hz-1g1d1/
165067,https://hotline.ua/computer-zhestkie-diski/wd_wd3200aajs/
165068,https://hotline.ua/computer-zhestkie-diski/wd_wd5000avds/
165069,https://hotline.ua/computer-zhestkie-diski/wd-av-wd3200buct/
165070,https://hotline.ua/computer-zhestkie-diski/seagate-st500vt000/
165071,https://hotline.ua/computer-zhestkie-diski/seagate-st33000651ns/
158798,https://hotline.ua/computer-moduli-pamyati-dlya-pk-i-noutbukov/kingston-8-gb-so-dimm-ddr3-1333-mhz-kta-mb13338g/
163921,https://hotline.ua/computer-moduli-pamyati-dlya-pk-i-noutbukov/sk-hynix-2-gb-so-dimm-ddr3-1333-mhz-hmt125s6bfr8c-h9/
165078,https://hotline.ua/computer-moduli-pamyati-dlya-pk-i-noutbukov/sk-hynix-16-gb-so-dimm-ddr4-2400-mhz-hma82gs6cjr8n-uh/
165073,https://hotline.ua/computer-moduli-pamyati-dlya-pk-i-noutbukov/a-data-8-gb-ddr3-1600-mhz-ad3u1600w8g11-b/
165045,https://hotline.ua/computer-moduli-pamyati-dlya-pk-i-noutbukov/kingston_4_gb_so-dimm_ddr3_1066_mhz_kta-mb10664g/
165064,https://hotline.ua/computer-moduli-pamyati-dlya-pk-i-noutbukov/crucial-4-gb-ddr3-1066-mhz-ct51264bc106716fr/
165039,https://hotline.ua/computer-moduli-pamyati-dlya-pk-i-noutbukov/samsung-2-gb-ddr3-1600-mhz-m378b5773sb0-ck0/
165045,https://hotline.ua/computer-moduli-pamyati-dlya-pk-i-noutbukov/kingston_4_gb_so-dimm_ddr3_1066_mhz_kta-mb10664g/
165040,https://hotline.ua/computer-moduli-pamyati-dlya-pk-i-noutbukov/samsung-16-gb-so-dimm-ddr4-3200-mhz-m471a2k43db1-cwe/
165042,https://hotline.ua/computer-moduli-pamyati-dlya-pk-i-noutbukov/sk-hynix-16-gb-so-dimm-ddr4-3200-mhz-hma82gs6djr8n-xn/
165046,https://hotline.ua/computer-moduli-pamyati-dlya-pk-i-noutbukov/kingston-8-gb-ddr3-1600-mhz-kvr16n11s88/
165037,https://hotline.ua/computer-moduli-pamyati-dlya-pk-i-noutbukov/kingston-8-gb-so-dimm-ddr3-1600-mhz-ktl-tp3c8g/
165018,https://hotline.ua/computer-moduli-pamyati-dlya-pk-i-noutbukov/samsung-8-gb-so-dimm-ddr4-3200-mhz-m471a1g44ab0-cwe/
161348,https://hotline.ua/computer-kabeli-usb/belkin-f8j023bt3m-wht/
164719,https://hotline.ua/computer-kompyuternye-aksessuary/atcom-16134/
164821,https://hotline.ua/computer-moduli-pamyati-dlya-pk-i-noutbukov/micron-8-gb-so-dimm-ddr4-3200-mhz-mta8atf1g64hz-3g2j1/
164819,https://hotline.ua/computer-moduli-pamyati-dlya-pk-i-noutbukov/gskill-32-gb-2x16gb-so-dimm-ddr4-2400-mhz-f4-2400c16d-32grs/
164820,https://hotline.ua/computer-moduli-pamyati-dlya-pk-i-noutbukov/samsung-32-gb-so-dimm-ddr4-2666-mhz-m471a4g43mb1-ctd/
164811,https://hotline.ua/computer-moduli-pamyati-dlya-pk-i-noutbukov/sk-hynix-2-gb-ddr3-1066-mhz-hmt125u6tfr8c-g7/
29469,https://hotline.ua/computer-moduli-pamyati-dlya-pk-i-noutbukov/transcend-2-gb-so-dimm-ddr3-1333-mhz-ts256msk64v3n/
82735,https://hotline.ua/computer-moduli-pamyati-dlya-pk-i-noutbukov/kingston-8-gb-2x4gb-ddr3-1333-mhz-kvr1333d3n98g/
83828,https://hotline.ua/computer-moduli-pamyati-dlya-pk-i-noutbukov/crucial-4-gb-so-dimm-ddr3-1600-mhz-ct51264bf160b/
83973,https://hotline.ua/computer-moduli-pamyati-dlya-pk-i-noutbukov/team-2-gb-so-dimm-ddr2-800-mhz-ted22g800c6-s01/
86004,https://hotline.ua/computer-moduli-pamyati-dlya-pk-i-noutbukov/kingston-8-gb-so-dimm-ddr3-1333-mhz-kvr1333d3s98g/
158152,https://hotline.ua/computer-moduli-pamyati-dlya-pk-i-noutbukov/crucial-2-gb-ddr3-1600-mhz-ct25664ba160b/
158154,https://hotline.ua/computer-moduli-pamyati-dlya-pk-i-noutbukov/crucial-2-gb-ddr3-1600-mhz-ct25664bf160b/
158155,https://hotline.ua/computer-moduli-pamyati-dlya-pk-i-noutbukov/amd-4-gb-ddr3-1600-mhz-r534g1601u1s-uo/
158157,https://hotline.ua/computer-moduli-pamyati-dlya-pk-i-noutbukov/crucial-4-gb-ddr3-1600-mhz-ct51264ba160bj/
158158,https://hotline.ua/computer-moduli-pamyati-dlya-pk-i-noutbukov/amd-4-gb-so-dimm-ddr3l-1600-mhz-r534g1601s1sl-uobulk/
158159,https://hotline.ua/computer-moduli-pamyati-dlya-pk-i-noutbukov/transcend-4-gb-so-dimm-ddr3-1600-mhz-ts512msk64v6h/
158160,https://hotline.ua/computer-moduli-pamyati-dlya-pk-i-noutbukov/transcend-4-gb-so-dimm-ddr3-1600-mhz-ts512msk64w6h/
158162,https://hotline.ua/computer-moduli-pamyati-dlya-pk-i-noutbukov/amd-8-gb-so-dimm-ddr3-1600-mhz-r538g1601s2sl-uo/
158164,https://hotline.ua/computer-moduli-pamyati-dlya-pk-i-noutbukov/crucial-8-gb-ddr3-1866-mhz-bls8g3d18ads3ceu/
158390,https://hotline.ua/computer-moduli-pamyati-dlya-pk-i-noutbukov/kingston_2_gb_ddr2_800_mhz_kvr800d2n62g/
158391,https://hotline.ua/computer-moduli-pamyati-dlya-pk-i-noutbukov/kingston_2_gb_ddr2_800_mhz_kvr800d2n52g/
158413,https://hotline.ua/computer-moduli-pamyati-dlya-pk-i-noutbukov/kingston-8-gb-ddr3-1600-mhz-kvr16n118/
158793,https://hotline.ua/computer-moduli-pamyati-dlya-pk-i-noutbukov/kingston-2-gb-ddr2-667-mhz-kvr667d2n52g/
158795,https://hotline.ua/computer-moduli-pamyati-dlya-pk-i-noutbukov/crucial_2_gb_so-dimm_ddr2_800_mhz_ct25664ac800/
158796,https://hotline.ua/computer-moduli-pamyati-dlya-pk-i-noutbukov/crucial-8-gb-2x4gb-so-dimm-ddr3-1333-mhz-ct8g3s1339mceu/
158797,https://hotline.ua/computer-moduli-pamyati-dlya-pk-i-noutbukov/crucial-8-gb-so-dimm-ddr3-1600-mhz-ct8g3s160bmceu/
158799,https://hotline.ua/computer-moduli-pamyati-dlya-pk-i-noutbukov/kingston-8-gb-so-dimm-ddr3-1600-mhz-kta-mb16008g/
158800,https://hotline.ua/computer-moduli-pamyati-dlya-pk-i-noutbukov/kingston-2-gb-so-dimm-ddr2-800-mhz-kta-mb800k22g/
158801,https://hotline.ua/computer-moduli-pamyati-dlya-pk-i-noutbukov/kingston-4-gb-so-dimm-ddr3-1333-mhz-kvr13s9s84bk/
158802,https://hotline.ua/computer-moduli-pamyati-dlya-pk-i-noutbukov/kingston-2-gb-so-dimm-ddr3-1600-mhz-kvr16ls11s62/
158803,https://hotline.ua/computer-moduli-pamyati-dlya-pk-i-noutbukov/kingston-8-gb-so-dimm-ddr3-1600-mhz-kvr16s118/
158804,https://hotline.ua/computer-moduli-pamyati-dlya-pk-i-noutbukov/kingston_1_gb_so-dimm_ddr2_800_mhz_kvr800d2s61g/
158805,https://hotline.ua/computer-moduli-pamyati-dlya-pk-i-noutbukov/kingston_2_gb_so-dimm_ddr2_800_mhz_kvr800d2s62g/
158806,https://hotline.ua/computer-moduli-pamyati-dlya-pk-i-noutbukov/amd-2-gb-so-dimm-ddr3-1600-mhz-r532g1601s1sl-uo/
158807,https://hotline.ua/computer-moduli-pamyati-dlya-pk-i-noutbukov/amd-4-gb-so-dimm-ddr3-1600-mhz-r534g1601s1s-uobulk/
158808,https://hotline.ua/computer-moduli-pamyati-dlya-pk-i-noutbukov/amd-8-gb-so-dimm-ddr3-1600-mhz-r538g1601s2s-uo/
158810,https://hotline.ua/computer-moduli-pamyati-dlya-pk-i-noutbukov/transcend_1_gb_so-dimm_ddr2_800_mhz_ts128msq64v8u/
158811,https://hotline.ua/computer-moduli-pamyati-dlya-pk-i-noutbukov/transcend-8-gb-so-dimm-ddr3-1600-mhz-ts1gsk64w6h/
158812,https://hotline.ua/computer-moduli-pamyati-dlya-pk-i-noutbukov/transcend-4-gb-so-dimm-ddr3-1333-mhz-ts512msk64v3n/
158815,https://hotline.ua/computer-moduli-pamyati-dlya-pk-i-noutbukov/crucial-16-gb-2x8gb-ddr3-1600-mhz-bls2cp8g3d1609ds1s00ceu/
158816,https://hotline.ua/computer-moduli-pamyati-dlya-pk-i-noutbukov/crucial-4-gb-ddr3-1866-mhz-bls4g3d18ads3ceu/
158817,https://hotline.ua/computer-moduli-pamyati-dlya-pk-i-noutbukov/crucial-8-gb-ddr3-1600-mhz-ct102464ba160b/
158818,https://hotline.ua/computer-moduli-pamyati-dlya-pk-i-noutbukov/crucial-8-gb-ddr3-1866-mhz-ct102464bd186d/
158819,https://hotline.ua/computer-moduli-pamyati-dlya-pk-i-noutbukov/crucial_1_gb_ddr2_800_mhz_ct12864aa800/
158820,https://hotline.ua/computer-moduli-pamyati-dlya-pk-i-noutbukov/crucial_2_gb_ddr2_800_mhz_ct25664aa800/
158821,https://hotline.ua/computer-moduli-pamyati-dlya-pk-i-noutbukov/crucial-8-gb-2x4gb-ddr3-1600-mhz-ct2k51264bd160bj/
158822,https://hotline.ua/computer-moduli-pamyati-dlya-pk-i-noutbukov/crucial-8-gb-2x4gb-ddr3-1866-mhz-ct2k51264bd186dj/
158823,https://hotline.ua/computer-moduli-pamyati-dlya-pk-i-noutbukov/crucial-4-gb-ddr4-2133-mhz-ct4g4dfs8213/
158824,https://hotline.ua/computer-moduli-pamyati-dlya-pk-i-noutbukov/crucial-4-gb-ddr3-1866-mhz-ct51264bd186dj/
158825,https://hotline.ua/computer-moduli-pamyati-dlya-pk-i-noutbukov/crucial-512-mb-ddr-400-mhz-ct6464z40b/
158826,https://hotline.ua/computer-moduli-pamyati-dlya-pk-i-noutbukov/crucial-8-gb-ddr3-1866-mhz-ct8g3w186dm/
158828,https://hotline.ua/computer-moduli-pamyati-dlya-pk-i-noutbukov/kingston-2-gb-ddr3-1333-mhz-kvr13n9s62/
158829,https://hotline.ua/computer-moduli-pamyati-dlya-pk-i-noutbukov/kingston-2-gb-ddr3-1600-mhz-kvr16n11s62/
158830,https://hotline.ua/computer-moduli-pamyati-dlya-pk-i-noutbukov/kingston-8-gb-ddr4-2133-mhz-kvr21n15d88/
158831,https://hotline.ua/computer-moduli-pamyati-dlya-pk-i-noutbukov/kingston_1_gb_ddr2_800_mhz_kvr800d2n61g/
158833,https://hotline.ua/computer-moduli-pamyati-dlya-pk-i-noutbukov/amd-4-gb-ddr4-2133-mhz-r744g2133u1s-u-r744g2133u1s-u/
158834,https://hotline.ua/computer-moduli-pamyati-dlya-pk-i-noutbukov/transcend_1_gb_ddr2_800_mhz_ts128mlq64v8u/
158835,https://hotline.ua/computer-moduli-pamyati-dlya-pk-i-noutbukov/transcend-4-gb-ddr3-1333-mhz-ts512mlk64v3n/
158836,https://hotline.ua/computer-moduli-pamyati-dlya-pk-i-noutbukov/transcend-4-gb-ddr3-1600-mhz-ts512mlk64v6h/
158839,https://hotline.ua/computer-moduli-pamyati-dlya-pk-i-noutbukov/crucial-8-gb-ddr3-1600-mhz-ct102472bd160b/
158840,https://hotline.ua/computer-moduli-pamyati-dlya-pk-i-noutbukov/crucial-16-gb-ddr4-2133-mhz-ct16g4rfd4213/
158841,https://hotline.ua/computer-moduli-pamyati-dlya-pk-i-noutbukov/crucial-32-gb-2x16gb-ddr4-2133-mhz-ct2k16g4rfd4213/
158842,https://hotline.ua/computer-moduli-pamyati-dlya-pk-i-noutbukov/crucial-8-gb-ddr3-1866-mhz-ct8g3ersds4186d/
158843,https://hotline.ua/computer-moduli-pamyati-dlya-pk-i-noutbukov/goodram-8-gb-ddr4-2133-mhz-ct8g4rfs4213/
158844,https://hotline.ua/computer-moduli-pamyati-dlya-pk-i-noutbukov/kingston-16-gb-ddr3-1333-mhz-kth-pl313q8lv16g/
158845,https://hotline.ua/computer-moduli-pamyati-dlya-pk-i-noutbukov/kingston-4-gb-ddr3-1600-mhz-kth-pl316es4g/
158847,https://hotline.ua/computer-moduli-pamyati-dlya-pk-i-noutbukov/kingston-8-gb-ddr3-1600-mhz-kth-pl316s8g/
158848,https://hotline.ua/computer-moduli-pamyati-dlya-pk-i-noutbukov/kingston-4-gb-ddr3-1600-mhz-kth-pl316s84g/
158849,https://hotline.ua/computer-moduli-pamyati-dlya-pk-i-noutbukov/kingston-16-gb-2x8gb-ddr2-667-mhz-kth-xw9400k216g/
158850,https://hotline.ua/computer-moduli-pamyati-dlya-pk-i-noutbukov/kingston-16-gb-ddr3-1333-mhz-kvr13lr9d416/
158851,https://hotline.ua/computer-moduli-pamyati-dlya-pk-i-noutbukov/kingston-8-gb-ddr3-1600-mhz-kvr16lr11d88/
158852,https://hotline.ua/computer-moduli-pamyati-dlya-pk-i-noutbukov/kingston-8-gb-ddr3-1600-mhz-kvr16r11d88i/
158853,https://hotline.ua/computer-moduli-pamyati-dlya-pk-i-noutbukov/kingston-8-gb-ddr3-1866-mhz-kvr18r13s48/
158855,https://hotline.ua/computer-moduli-pamyati-dlya-pk-i-noutbukov/kingston-2-gb-so-dimm-ddr3-1333-mhz-kvr13s9s62/
158856,https://hotline.ua/computer-moduli-pamyati-dlya-pk-i-noutbukov/kingston-4-gb-so-dimm-ddr3-1600-mhz-kvr16s11s84/
158857,https://hotline.ua/computer-moduli-pamyati-dlya-pk-i-noutbukov/transcend-4-gb-so-dimm-ddr3-1333-mhz-ts512msk64v3h/
158858,https://hotline.ua/computer-moduli-pamyati-dlya-pk-i-noutbukov/amd-2-gb-ddr2-800-mhz-r322g805u2s-ugo/
158859,https://hotline.ua/computer-moduli-pamyati-dlya-pk-i-noutbukov/amd-4-gb-ddr4-2400-mhz-r744g2400u1s-u-r744g2400u1s-u/
158864,https://hotline.ua/computer-moduli-pamyati-dlya-pk-i-noutbukov/crucial_1_gb_so-dimm_ddr2_800_mhz_ct12864ac800/
158865,https://hotline.ua/computer-moduli-pamyati-dlya-pk-i-noutbukov/kingston-4gb-so-dimm-ddr3-1600-mhz-kvr16ls114/
158867,https://hotline.ua/computer-moduli-pamyati-dlya-pk-i-noutbukov/crucial-8-gb-2x4gb-ddr3-1600-mhz-bls2cp4g3d1609ds1s00ceu/
158868,https://hotline.ua/computer-moduli-pamyati-dlya-pk-i-noutbukov/crucial-8-gb-ddr4-2400-mhz-ballistix-sport-lt-gray-bls8g4d240fsbk/
158869,https://hotline.ua/computer-moduli-pamyati-dlya-pk-i-noutbukov/crucial-16-gb-2x8gb-ddr3-1866-mhz-blt2cp8g3d1869dt1tx0ceu/
158870,https://hotline.ua/computer-moduli-pamyati-dlya-pk-i-noutbukov/crucial-8-gb-2x4gb-ddr4-2133-mhz-ct2k4g4dfs8213/
158871,https://hotline.ua/computer-moduli-pamyati-dlya-pk-i-noutbukov/crucial-16-gb-2x8gb-ddr4-2133-mhz-ct2k8g4dfd8213/
158873,https://hotline.ua/computer-moduli-pamyati-dlya-pk-i-noutbukov/kingston-4-gb-so-dimm-ddr3-1333-mhz-kta-mb1333s4g/
158875,https://hotline.ua/computer-moduli-pamyati-dlya-pk-i-noutbukov/amd-4-gb-so-dimm-ddr3-1600-mhz-r534g1601s1sl-u/
158876,https://hotline.ua/computer-moduli-pamyati-dlya-pk-i-noutbukov/amd-4-gb-ddr3-1600-mhz-r534g1601u1s-uretail/
158877,https://hotline.ua/computer-moduli-pamyati-dlya-pk-i-noutbukov/transcend-8-gb-ddr4-2133-mhz-ts1glh64v1h/
159279,https://hotline.ua/computer-moduli-pamyati-dlya-pk-i-noutbukov/kingston-8-gb-so-dimm-ddr3-1600-mhz-kvr16ls118/
159728,https://hotline.ua/computer-moduli-pamyati-dlya-pk-i-noutbukov/hynix_2_gb_ddr2_800_mhz_hymp125u64cp8-s6/
159730,https://hotline.ua/computer-moduli-pamyati-dlya-pk-i-noutbukov/samsung-2-gb-ddr2-800-mhz-m378b5663qz3-cf7/
161712,https://hotline.ua/computer-moduli-pamyati-dlya-pk-i-noutbukov/transcend-8-gb-ddr3-1333-mhz-ts1gsk64v3h/
161866,https://hotline.ua/computer-moduli-pamyati-dlya-pk-i-noutbukov/goodram-2-gb-ddr2-800-mhz-gr800d264l64g/
161867,https://hotline.ua/computer-moduli-pamyati-dlya-pk-i-noutbukov/goodram_4_gb_so-dimm_ddr2_800_mhz_gr800s264l64g/
162184,https://hotline.ua/computer-moduli-pamyati-dlya-pk-i-noutbukov/team-2-gb-ddr3-1600-mhz-ted32g1600c1101/
162185,https://hotline.ua/computer-moduli-pamyati-dlya-pk-i-noutbukov/hynix-1-gb-ddr-400-mhz-hynd7audr-50m48amd/
162186,https://hotline.ua/computer-moduli-pamyati-dlya-pk-i-noutbukov/goodram_2_gb_so-dimm_ddr3_1333_mhz_gr1333s364l92g/
162187,https://hotline.ua/computer-moduli-pamyati-dlya-pk-i-noutbukov/goodram-2-gb-so-dimm-ddr3-1600-mhz-gr1600s3v64l112g/
162189,https://hotline.ua/computer-moduli-pamyati-dlya-pk-i-noutbukov/goodram-2-gb-ddr3-1600-mhz-gr1600s364l112g/
162190,https://hotline.ua/computer-moduli-pamyati-dlya-pk-i-noutbukov/kingston-2-gb-ddr3-1600-mhz-kvr16n112/
162192,https://hotline.ua/computer-moduli-pamyati-dlya-pk-i-noutbukov/kingston_2_gb_ddr3_1333_mhz_kvr1333d3n92g/
162193,https://hotline.ua/computer-moduli-pamyati-dlya-pk-i-noutbukov/goodram-4-gb-ddr3-1333-mhz-gr1333d364l9s4g/
162194,https://hotline.ua/computer-moduli-pamyati-dlya-pk-i-noutbukov/goodram-4-gb-so-dimm-ddr3-1333-mhz-gr1333s364l9s4g/
162195,https://hotline.ua/computer-moduli-pamyati-dlya-pk-i-noutbukov/goodram-4-gb-ddr3-1600-mhz-gr1600d364l11s4g/
162196,https://hotline.ua/computer-moduli-pamyati-dlya-pk-i-noutbukov/goodram-4-gb-so-dimm-ddr3-1600-mhz-gr1600s3v64l114g/
162197,https://hotline.ua/computer-moduli-pamyati-dlya-pk-i-noutbukov/goodram-4-gb-so-dimm-ddr3-1600-mhz-gr1600s364l11s4g/
162198,https://hotline.ua/computer-moduli-pamyati-dlya-pk-i-noutbukov/goodram-4-gb-ddr3-1600-mhz-gr1600d3v64l11s4g/
162199,https://hotline.ua/computer-moduli-pamyati-dlya-pk-i-noutbukov/hynix-4-gb-so-dimm-ddr3-1600-mhz-hmt451s6afr8a-pbn0/
162200,https://hotline.ua/computer-moduli-pamyati-dlya-pk-i-noutbukov/team-4-gb-so-dimm-ddr3-1600-mhz-ted3l4g1600c11-s01/
162201,https://hotline.ua/computer-moduli-pamyati-dlya-pk-i-noutbukov/goodram-8-gb-ddr3-1333-mhz-gr1333d364l98g/
162202,https://hotline.ua/computer-moduli-pamyati-dlya-pk-i-noutbukov/goodram-8-gb-ddr3-1600-mhz-gr1600d3v64l118g/
162203,https://hotline.ua/computer-moduli-pamyati-dlya-pk-i-noutbukov/transcend-8-gb-ddr3-1600-mhz-ts1glk64v6h/
162204,https://hotline.ua/computer-moduli-pamyati-dlya-pk-i-noutbukov/goodram-8-gb-ddr3-1600-mhz-gy1600d364l108g/
162205,https://hotline.ua/computer-moduli-pamyati-dlya-pk-i-noutbukov/goodram-8-gb-ddr3-1600-mhz-gyb1600d364l108g/
162206,https://hotline.ua/computer-moduli-pamyati-dlya-pk-i-noutbukov/kingston-8-gb-1600-mhz-kvr16ln118/
162208,https://hotline.ua/computer-moduli-pamyati-dlya-pk-i-noutbukov/hynix-8-gb-ddr3-1600-mhz-hmt41gu6afr8c-pbn0/
162389,https://hotline.ua/computer-moduli-pamyati-dlya-pk-i-noutbukov/kingston-2-gb-so-dimm-ddr2-667-mhz-ktt667d22g/
162419,https://hotline.ua/computer-moduli-pamyati-dlya-pk-i-noutbukov/corsair-2-gb-ddr3-1600-mhz-ct25664ba160bj/
162420,https://hotline.ua/computer-moduli-pamyati-dlya-pk-i-noutbukov/kingston-4-gb-ddr3-1600-mhz-kvr16n11s84/
162421,https://hotline.ua/computer-moduli-pamyati-dlya-pk-i-noutbukov/kingston-4-gb-ddr3-1333-mhz-kvr13n9s84/
162423,https://hotline.ua/computer-moduli-pamyati-dlya-pk-i-noutbukov/kingston-4-gb-so-dimm-ddr3-1600-mhz-ktd-l3cl4g/
162424,https://hotline.ua/computer-moduli-pamyati-dlya-pk-i-noutbukov/kingston-4-gb-ddr3-1333-mhz-ktd-xps730bs4g/
162426,https://hotline.ua/computer-moduli-pamyati-dlya-pk-i-noutbukov/kingston-4-gb-so-dimm-ddr3-1600-mhz-kth9600cs4g/
162428,https://hotline.ua/computer-moduli-pamyati-dlya-pk-i-noutbukov/kingston-4-gb-ddr3-1600-mhz-ktd-xps730cs4g/
162429,https://hotline.ua/computer-moduli-pamyati-dlya-pk-i-noutbukov/crucial-4-gb-so-dimm-ddr3-1600-mhz-ct4g3s160bmceu/
162430,https://hotline.ua/computer-moduli-pamyati-dlya-pk-i-noutbukov/amd-8-gb-so-dimm-ddr3-1600-mhz-r538g1601s2s-u/
162431,https://hotline.ua/computer-moduli-pamyati-dlya-pk-i-noutbukov/crucial-4-gb-so-dimm-ddr4-2133-mhz-ct4g4sfs8213/
162432,https://hotline.ua/computer-moduli-pamyati-dlya-pk-i-noutbukov/transcend-8-gb-ddr3-1333-mhz-ts1gsk64v3h/
162433,https://hotline.ua/computer-moduli-pamyati-dlya-pk-i-noutbukov/amd-8-gb-ddr4-2400-mhz-r748g2400u2s-u/
162434,https://hotline.ua/computer-moduli-pamyati-dlya-pk-i-noutbukov/kingston-8-gb-so-dimm-ddr3-1600-mhz-ktd-l3cl8g/
162435,https://hotline.ua/computer-moduli-pamyati-dlya-pk-i-noutbukov/kingston-8-gb-ddr3-1600-mhz-kth9600c8g/
162436,https://hotline.ua/computer-moduli-pamyati-dlya-pk-i-noutbukov/crucial-8-gb-ddr3-1866-mhz-blt8g3d1869dt1tx0ceu/
162438,https://hotline.ua/computer-moduli-pamyati-dlya-pk-i-noutbukov/kingston-8-gb-so-dimm-ddr3-1600-mhz-ktl-tp3cl8g/
162439,https://hotline.ua/computer-moduli-pamyati-dlya-pk-i-noutbukov/kingston-8-gb-ddr3-1600-mhz-kvr16e118/
162440,https://hotline.ua/computer-moduli-pamyati-dlya-pk-i-noutbukov/crucial-8-gb-so-dimm-ddr4-2133-mhz-ct8g4sfd8213/
162441,https://hotline.ua/computer-moduli-pamyati-dlya-pk-i-noutbukov/kingston-8-gb-ddr4-2133-mhz-kvr21r15s48/
162443,https://hotline.ua/computer-moduli-pamyati-dlya-pk-i-noutbukov/kingston-8-gb-ddr3-1600-mhz-ktl-tc316e8g/
162682,https://hotline.ua/computer-moduli-pamyati-dlya-pk-i-noutbukov/crucial-8-gb-2x4gb-so-dimm-ddr3l-1066-mhz-ct2k4g3s1067m/
162699,https://hotline.ua/computer-moduli-pamyati-dlya-pk-i-noutbukov/hynix-4-gb-ddr3-1600-mhz-hmt451u6afr8a-pbn0/
162702,https://hotline.ua/computer-moduli-pamyati-dlya-pk-i-noutbukov/kingston-4-gb-so-dimm-ddr3-1333-mhz-kvr16s11s84g/
162703,https://hotline.ua/computer-moduli-pamyati-dlya-pk-i-noutbukov/kingston-4-gb-so-dimm-ddr3-1600-mhz-kth-x3cl4g/
162706,https://hotline.ua/computer-moduli-pamyati-dlya-pk-i-noutbukov/crucial-4-gb-so-dimm-ddr3-1066-mhz-ct4g3s1067m/
162909,https://hotline.ua/computer-moduli-pamyati-dlya-pk-i-noutbukov/samsung-4-gb-so-dimm-ddr3l-1600-mhz-m471b5173eb0-yk0/
162946,https://hotline.ua/computer-moduli-pamyati-dlya-pk-i-noutbukov/kingston-2-gb-so-dimm-ddr2-800-mhz-kta-mb8002g/
162952,https://hotline.ua/computer-moduli-pamyati-dlya-pk-i-noutbukov/transcend-4-gb-so-dimm-ddr3-1066-mhz-ts4gap1066s/
162956,https://hotline.ua/computer-moduli-pamyati-dlya-pk-i-noutbukov/samsung-4-gb-so-dimm-ddr3-1333-mhz-m471b5273dh0-ch9/
163037,https://hotline.ua/computer-moduli-pamyati-dlya-pk-i-noutbukov/kingston_4_gb_so-dimm_ddr3_1333_mhz_kvr1333d3s94g/
163059,https://hotline.ua/computer-moduli-pamyati-dlya-pk-i-noutbukov/kingston_1_gb_ddr_400_mhz_kvr400x64c3a1g/
163060,https://hotline.ua/computer-moduli-pamyati-dlya-pk-i-noutbukov/kingston_2_gb_so-dimm_ddr3_1333_mhz_kvr1333d3s92g/
163061,https://hotline.ua/computer-moduli-pamyati-dlya-pk-i-noutbukov/hynix_2_gb_so-dimm_ddr2_800_mhz_hymp125s64cp8-s6/
163062,https://hotline.ua/computer-moduli-pamyati-dlya-pk-i-noutbukov/samsung_2_gb_so-dimm_ddr2_800_mhz_m470t5663qz3-cf7/
163091,https://hotline.ua/computer-moduli-pamyati-dlya-pk-i-noutbukov/samsung_4_gb_so-dimm_ddr3_1066_mhz_m471b5273ch0-cf8/
163092,https://hotline.ua/computer-moduli-pamyati-dlya-pk-i-noutbukov/hynix-8-gb-so-dimm-ddr3-1600-mhz-hmt41gs6afr8a-pbn0/
163186,https://hotline.ua/computer-moduli-pamyati-dlya-pk-i-noutbukov/hynix-2-gb-so-dimm-ddr3-1600-mhz-hmt325s6cfr8c-pbn0/
163192,https://hotline.ua/computer-moduli-pamyati-dlya-pk-i-noutbukov/hynix_4_gb_so-dimm_ddr3_1333_mhz_hmt351s6bfr8c-h9/
163193,https://hotline.ua/computer-moduli-pamyati-dlya-pk-i-noutbukov/samsung-8-gb-so-dimm-ddr3-1600-mhz-m471b1g73qh0-yk0/
163203,https://hotline.ua/computer-moduli-pamyati-dlya-pk-i-noutbukov/kingston_4_gb_so-dimm_ddr3_1066_mhz_kvr1066d3s74g/
163207,https://hotline.ua/computer-moduli-pamyati-dlya-pk-i-noutbukov/samsung-8-gb-so-dimm-ddr3-1600-mhz-m471b1g73eb0-yk0/
163221,https://hotline.ua/computer-moduli-pamyati-dlya-pk-i-noutbukov/goodram-8-gb-so-dimm-ddr3-1600-mhz-gr1600s3v64l118g/
163225,https://hotline.ua/computer-moduli-pamyati-dlya-pk-i-noutbukov/patriot-4-gb-so-dimm-ddr3-1600-mhz-psd34g1600l81s/
163226,https://hotline.ua/computer-moduli-pamyati-dlya-pk-i-noutbukov/transcend-4-gb-so-dimm-ddr3-1600-mhz-ts512msk64w6h/
163228,https://hotline.ua/computer-moduli-pamyati-dlya-pk-i-noutbukov/patriot-8-gb-so-dimm-ddr3-1600-mhz-psd38g1600l2s/
163249,https://hotline.ua/computer-moduli-pamyati-dlya-pk-i-noutbukov/kingston-8-gb-so-dimm-ddr4-2133-mhz-kvr21s15d88/
163261,https://hotline.ua/computer-moduli-pamyati-dlya-pk-i-noutbukov/kingston-2-gb-so-dimm-ddr2-800-mhz-kta-mb800k22g/
163275,https://hotline.ua/computer-moduli-pamyati-dlya-pk-i-noutbukov/kingston_1_gb_so-dimm_ddr2_800_mhz_kvr800d2s61g/
163277,https://hotline.ua/computer-moduli-pamyati-dlya-pk-i-noutbukov/samsung-4-gb-ddr3-1600-mhz-m378b5173eb0-ck0/
163280,https://hotline.ua/computer-moduli-pamyati-dlya-pk-i-noutbukov/samsung_2_gb_so-dimm_ddr3_1066_mhz_m471b5673fh0-cf8/
163288,https://hotline.ua/computer-moduli-pamyati-dlya-pk-i-noutbukov/hynix-2-gb-so-dimm-ddr3-1600-mhz-hmt425s6afr6a-pb/
163332,https://hotline.ua/computer-moduli-pamyati-dlya-pk-i-noutbukov/apacer-8-gb-so-dimm-ddr3-1600-mhz-as08gfa60catbgj/
163337,https://hotline.ua/computer-moduli-pamyati-dlya-pk-i-noutbukov/patriot_2_gb_so-dimm_ddr2_800_mhz_psd22g8002s/
163340,https://hotline.ua/computer-moduli-pamyati-dlya-pk-i-noutbukov/sk-hynix-4-gb-so-dimm-ddr4-2133-mhz-hma451s6afr8n-tf/
163342,https://hotline.ua/computer-moduli-pamyati-dlya-pk-i-noutbukov/gskill_2_gb_so-dimm_ddr2_800_mhz_f2-6400cl5s-2gbsq/
163344,https://hotline.ua/computer-moduli-pamyati-dlya-pk-i-noutbukov/transcend_2_gb_so-dimm_ddr2_800_mhz_jm800qsu-2g/
163349,https://hotline.ua/computer-moduli-pamyati-dlya-pk-i-noutbukov/transcend-4-gb-so-dimm-ddr3-1600-mhz-jm1600ksh-4g/
163351,https://hotline.ua/computer-moduli-pamyati-dlya-pk-i-noutbukov/silicon-power-4-gb-so-dimm-ddr3-1600-mhz-sp004gbstu160n02/
163353,https://hotline.ua/computer-moduli-pamyati-dlya-pk-i-noutbukov/kingston-4-gb-so-dimm-ddr4-2133-mhz-kvr21s15s84/
163355,https://hotline.ua/computer-moduli-pamyati-dlya-pk-i-noutbukov/goodram-4-gb-so-dimm-ddr3-1600-mhz-w-amm16004g/
163356,https://hotline.ua/computer-moduli-pamyati-dlya-pk-i-noutbukov/crucial-4-gb-so-dimm-ddr4-2400-mhz-ct4g4sfs824a/
163359,https://hotline.ua/computer-moduli-pamyati-dlya-pk-i-noutbukov/kingston-4-gb-so-dimm-ddr3l-1600-mhz-kcp3l16ss84/
163360,https://hotline.ua/computer-moduli-pamyati-dlya-pk-i-noutbukov/samsung-8-gb-so-dimm-ddr4-2133-mhz-m471a1g43eb1-cpb/
163361,https://hotline.ua/computer-moduli-pamyati-dlya-pk-i-noutbukov/goodram-8-gb-so-dimm-ddr3-1600-mhz-gr1600s364l118g/
163362,https://hotline.ua/computer-moduli-pamyati-dlya-pk-i-noutbukov/goodram-8-gb-so-dimm-ddr3-1333-mhz-gr1333s364l98g/
163363,https://hotline.ua/computer-moduli-pamyati-dlya-pk-i-noutbukov/geil-8-gb-so-dimm-ddr3-1600-mhz-gs38gb1600c11s/
163364,https://hotline.ua/computer-moduli-pamyati-dlya-pk-i-noutbukov/team-8-gb-so-dimm-ddr3-1600-mhz-ted38g1600c11-s01/
163366,https://hotline.ua/computer-moduli-pamyati-dlya-pk-i-noutbukov/hynix-8-gb-so-dimm-ddr3-1600-mhz-hmt41gs6bfr8a-pbn0/
163368,https://hotline.ua/computer-moduli-pamyati-dlya-pk-i-noutbukov/transcend-8-gb-so-dimm-ddr3-1600-mhz-ts1gsk64v6h/
163370,https://hotline.ua/computer-moduli-pamyati-dlya-pk-i-noutbukov/crucial-8-gb-so-dimm-ddr3-1600-mhz-ct102464bf160b/
163372,https://hotline.ua/computer-moduli-pamyati-dlya-pk-i-noutbukov/kingston-8-gb-so-dimm-ddr4-2133-mhz-kvr21s15s88/
163373,https://hotline.ua/computer-moduli-pamyati-dlya-pk-i-noutbukov/crucial-8-gb-so-dimm-ddr3l-1866-mhz-ct8g3s186dm/
163374,https://hotline.ua/computer-moduli-pamyati-dlya-pk-i-noutbukov/kingston-8-gb-2x4gb-so-dimm-ddr3-1600-mhz-hx316ls9ibk28/
163375,https://hotline.ua/computer-moduli-pamyati-dlya-pk-i-noutbukov/kingston-8-gb-so-dimm-ddr3-1600-mhz-kcp3l16sd88/
163376,https://hotline.ua/computer-moduli-pamyati-dlya-pk-i-noutbukov/kingston-8-gb-ddr4-2133-mhz-kcp421ss88/
163377,https://hotline.ua/computer-moduli-pamyati-dlya-pk-i-noutbukov/kingston-8-gb-so-dimm-ddr3-1600-mhz-kcp316sd88/
163378,https://hotline.ua/computer-moduli-pamyati-dlya-pk-i-noutbukov/kingston-8-gb-so-dimm-ddr3-1333-mhz-kcp313sd88/
163382,https://hotline.ua/computer-moduli-pamyati-dlya-pk-i-noutbukov/team-16-gb-so-dimm-ddr4-2400-mhz-ted416g2400c16-s01/
163385,https://hotline.ua/computer-moduli-pamyati-dlya-pk-i-noutbukov/kingston-16-gb-so-dimm-ddr4-2133-mhz-kcp421sd816/
163388,https://hotline.ua/computer-moduli-pamyati-dlya-pk-i-noutbukov/crucial-16-gb-so-dimm-ddr3l-1600-mhz-ct204864bf160b/
163394,https://hotline.ua/computer-moduli-pamyati-dlya-pk-i-noutbukov/exceleram-4-gb-so-dimm-ddr3-1600-mhz-e30211s/
163396,https://hotline.ua/computer-moduli-pamyati-dlya-pk-i-noutbukov/apacer-4-gb-so-dimm-ddr3-1600-mhz-as04gfa60catbgj/
163397,https://hotline.ua/computer-moduli-pamyati-dlya-pk-i-noutbukov/apacer-8-gb-so-dimm-ddr3-1600-mhz-as08gfa60catbgc/
163398,https://hotline.ua/computer-moduli-pamyati-dlya-pk-i-noutbukov/exceleram-8-gb-so-dimm-ddr3-1600-mhz-e30148a/
163399,https://hotline.ua/computer-moduli-pamyati-dlya-pk-i-noutbukov/exceleram-8-gb-so-dimm-ddr3-1333-mhz-e30804s/
163400,https://hotline.ua/computer-moduli-pamyati-dlya-pk-i-noutbukov/exceleram-8-gb-so-dimm-ddr3-1600-mhz-e30212s/
163402,https://hotline.ua/computer-moduli-pamyati-dlya-pk-i-noutbukov/exceleram-8-gb-so-dimm-ddr3-1333-mhz-e30214s/
163449,https://hotline.ua/computer-moduli-pamyati-dlya-pk-i-noutbukov/samsung-4-gb-so-dimm-ddr3l-1600-mhz-m471b5173db0-yk0/
163450,https://hotline.ua/computer-moduli-pamyati-dlya-pk-i-noutbukov/samsung_4_gb_so-dimm_ddr3_1600_mhz_m471b5273dh0-ck0/
163475,https://hotline.ua/computer-moduli-pamyati-dlya-pk-i-noutbukov/hynix-4-gb-so-dimm-ddr3-1600-mhz-hmt351s6cfr8c-pb/
163488,https://hotline.ua/computer-moduli-pamyati-dlya-pk-i-noutbukov/hynix-4-gb-so-dimm-ddr3l-1600-mhz-hmt351s6efr8a-pb/
163495,https://hotline.ua/computer-moduli-pamyati-dlya-pk-i-noutbukov/kingston-4-gb-so-dimm-ddr3-1600-mhz-kvr16s114/
163497,https://hotline.ua/computer-moduli-pamyati-dlya-pk-i-noutbukov/samsung_2_gb_ddr2_800_mhz_m378t5663eh3-cf7/
163499,https://hotline.ua/computer-moduli-pamyati-dlya-pk-i-noutbukov/amd-4-gb-so-dimm-ddr3-1600-mhz-r534g1601s1s-u/
163500,https://hotline.ua/computer-moduli-pamyati-dlya-pk-i-noutbukov/hynix-4-gb-so-dimm-ddr3-1600-mhz-hmt451s6bfr8a-pb/
163503,https://hotline.ua/computer-moduli-pamyati-dlya-pk-i-noutbukov/team-8-gb-so-dimm-ddr3-1600-mhz-ted3l8g1600c11-s01/
163515,https://hotline.ua/computer-moduli-pamyati-dlya-pk-i-noutbukov/kingston_4_gb_ddr3_1333_mhz_kvr1333d3n94g/
163523,https://hotline.ua/computer-moduli-pamyati-dlya-pk-i-noutbukov/micron-2-gb-so-dimm-ddr2-800-mhz-mt16htf25664hy-800e1/
163524,https://hotline.ua/computer-moduli-pamyati-dlya-pk-i-noutbukov/hynix_2_gb_so-dimm_ddr2_667_mhz_hymp125s64cp8-y5/
163525,https://hotline.ua/computer-moduli-pamyati-dlya-pk-i-noutbukov/samsung-4-gb-so-dimm-ddr3-1600-mhz-m471b5173qh0-yk0/
163533,https://hotline.ua/computer-moduli-pamyati-dlya-pk-i-noutbukov/samsung-8-gb-so-dimm-ddr3-1600-mhz-m471b1g73db0-yk0/
163534,https://hotline.ua/computer-moduli-pamyati-dlya-pk-i-noutbukov/hynix_2_gb_so-dimm_ddr3_1333_mhz_hmt325s6bfr8c-h9/
163563,https://hotline.ua/computer-moduli-pamyati-dlya-pk-i-noutbukov/transcend_2_gb_ddr2_800_mhz_jm800qlu-2g/
163606,https://hotline.ua/computer-moduli-pamyati-dlya-pk-i-noutbukov/samsung-1-gb-so-dimm-ddr3-1066-mhz-m471b2873fhs-ch9/
163646,https://hotline.ua/computer-moduli-pamyati-dlya-pk-i-noutbukov/crucial-8-gb-ddr4-2400-mhz-ct8g4dfs824a/
163694,https://hotline.ua/computer-moduli-pamyati-dlya-pk-i-noutbukov/kingston_4_gb_ddr2_800_mhz_kvr800d2n64g/
163695,https://hotline.ua/computer-moduli-pamyati-dlya-pk-i-noutbukov/kingston-4-gb-so-dimm-ddr2-800-mhz-kvr800d2s64g/
163696,https://hotline.ua/computer-moduli-pamyati-dlya-pk-i-noutbukov/kingston_2_gb_so-dimm_ddr2_667_mhz_kvr667d2s52g/
163702,https://hotline.ua/computer-moduli-pamyati-dlya-pk-i-noutbukov/goodram_4_gb_so-dimm_ddr3_1333_mhz_gr1333s364l94g/
163707,https://hotline.ua/computer-moduli-pamyati-dlya-pk-i-noutbukov/samsung_2_gb_ddr2_800_mhz_m378t5663qz3-cf7/
163712,https://hotline.ua/computer-moduli-pamyati-dlya-pk-i-noutbukov/corsair_2_gb_ddr2_800_mhz_cm2x2048-6400c5/
163713,https://hotline.ua/computer-moduli-pamyati-dlya-pk-i-noutbukov/hynix_4_gb_ddr3_1333_mhz_hmt351u6bfr8c-h9/
163714,https://hotline.ua/computer-moduli-pamyati-dlya-pk-i-noutbukov/samsung-8-gb-so-dimm-ddr3-1600-mhz-m471b1g73bh0-ck0/
163715,https://hotline.ua/computer-moduli-pamyati-dlya-pk-i-noutbukov/geil-4-gb-so-dimm-ddr3-1600-mhz-gs34gb1600c11s/
163716,https://hotline.ua/computer-moduli-pamyati-dlya-pk-i-noutbukov/patriot-4-gb-so-dimm-ddr3-1600-mhz-psd34g1600l2s/
163717,no #page-search at GGS38GB1333C9S
163718,https://hotline.ua/computer-moduli-pamyati-dlya-pk-i-noutbukov/team-4-gb-so-dimm-ddr4-2400-mhz-ted44g2400c16-s01/
163719,https://hotline.ua/computer-moduli-pamyati-dlya-pk-i-noutbukov/kingston-4-gb-so-dimm-ddr4-2400-mhz-kvr24s17s84/
163721,https://hotline.ua/computer-moduli-pamyati-dlya-pk-i-noutbukov/team-8-gb-so-dimm-ddr4-2400-mhz-ted48g2400c16-s01/
163722,https://hotline.ua/computer-moduli-pamyati-dlya-pk-i-noutbukov/gskill-8-gb-so-dimm-ddr4-2400-mhz-ripjaws-f4-2400c16s-8grs/
163723,https://hotline.ua/computer-moduli-pamyati-dlya-pk-i-noutbukov/crucial-8-gb-so-dimm-ddr4-2400-mhz-ct8g4sfs824a/
163724,https://hotline.ua/computer-moduli-pamyati-dlya-pk-i-noutbukov/exceleram-4-gb-so-dimm-ddr3-1333-mhz-e30213s/
163725,https://hotline.ua/computer-moduli-pamyati-dlya-pk-i-noutbukov/exceleram-4-gb-so-dimm-ddr3-1333-mhz-e30802s/
163726,https://hotline.ua/computer-moduli-pamyati-dlya-pk-i-noutbukov/exceleram-4-gb-so-dimm-ddr3-1600-mhz-e30170a/
163727,https://hotline.ua/computer-moduli-pamyati-dlya-pk-i-noutbukov/exceleram-4-gb-so-dimm-ddr4-2133-mhz-e40421s/
163728,https://hotline.ua/computer-moduli-pamyati-dlya-pk-i-noutbukov/exceleram-8-gb-so-dimm-ddr4-2133-mhz-e40821s/
163740,https://hotline.ua/computer-moduli-pamyati-dlya-pk-i-noutbukov/hynix-2-gb-ddr3-1333-mhz-hmt325u6cfr8c-h9/
163751,https://hotline.ua/computer-moduli-pamyati-dlya-pk-i-noutbukov/hynix-4-gb-ddr3-1600-mhz-hmt351u6cfr8c-pb/
163752,https://hotline.ua/computer-moduli-pamyati-dlya-pk-i-noutbukov/hynix-4-gb-so-dimm-ddr3-1333-mhz-hmt351s6cfr8c-h9/
163753,https://hotline.ua/computer-moduli-pamyati-dlya-pk-i-noutbukov/sk-hynix-4-gb-so-dimm-ddr3l-1600-mhz-hmt351s6cfr8a-pb/
163768,https://hotline.ua/computer-moduli-pamyati-dlya-pk-i-noutbukov/hynix-4-gb-so-dimm-ddr3-1600-mhz-hmt451s6mfr8c-pbn0/
163771,https://hotline.ua/computer-moduli-pamyati-dlya-pk-i-noutbukov/kingston-4-gb-ddr4-2133-mhz-hx421c14fb4/
163772,https://hotline.ua/computer-moduli-pamyati-dlya-pk-i-noutbukov/kingston-4-gb-ddr4-2133-mhz-kvr21n15s84/
163773,https://hotline.ua/computer-moduli-pamyati-dlya-pk-i-noutbukov/kingston-4-gb-ddr3-1600-mhz-hx316c10f4/
163774,https://hotline.ua/computer-moduli-pamyati-dlya-pk-i-noutbukov/samsung-4-gb-so-dimm-ddr3l-1600-mhz-m471b5273dh0-yk0/
163775,https://hotline.ua/computer-moduli-pamyati-dlya-pk-i-noutbukov/kingston-16-gb-2x8gb-so-dimm-ddr3l-1600-mhz-hyperx-impact-hx316ls9ibk216/
163776,https://hotline.ua/computer-moduli-pamyati-dlya-pk-i-noutbukov/kingston-16-gb-2x8gb-so-dimm-ddr3-1866-mhz-hyperx-impact-hx318ls11ibk216/
163777,https://hotline.ua/computer-moduli-pamyati-dlya-pk-i-noutbukov/kingston-2-gb-so-dimm-ddr3-1600-mhz-kvr16s11s62/
163779,https://hotline.ua/computer-moduli-pamyati-dlya-pk-i-noutbukov/transcend_4_gb_so-dimm_ddr3_1333_mhz_jm1333ksn-4g/
163780,https://hotline.ua/computer-moduli-pamyati-dlya-pk-i-noutbukov/patriot-4-gb-so-dimm-ddr3-1600-mhz-psd34g160081s/
163782,https://hotline.ua/computer-moduli-pamyati-dlya-pk-i-noutbukov/kingston-8-gb-so-dimm-ddr3l-1866-mhz-hyperx-impact-black-hx318ls11ib8/
163785,https://hotline.ua/computer-moduli-pamyati-dlya-pk-i-noutbukov/kingston-16-gb-so-dimm-ddr4-2400-mhz-kvr24s17d816/
163786,https://hotline.ua/computer-moduli-pamyati-dlya-pk-i-noutbukov/transcend-4-gb-so-dimm-ddr4-2133-mhz-ts512msh64v1h/
163787,https://hotline.ua/computer-moduli-pamyati-dlya-pk-i-noutbukov/patriot-4-gb-ddr4-so-dimm-psd44g240081s/
163788,https://hotline.ua/computer-moduli-pamyati-dlya-pk-i-noutbukov/samsung-4-gb-so-dimm-ddr4-2400-mhz-m471a5143eb1-crc/
163789,https://hotline.ua/computer-moduli-pamyati-dlya-pk-i-noutbukov/samsung-4-gb-so-dimm-ddr4-2400-mhz-m471a5244cb0-crc/
163791,https://hotline.ua/computer-moduli-pamyati-dlya-pk-i-noutbukov/gskill-16-gb-so-dimm-ddr4-3000-mhz-ripjaws-v-f4-3000c16s-16grs/
163794,https://hotline.ua/computer-moduli-pamyati-dlya-pk-i-noutbukov/apacer-8-gb-so-dimm-ddr4-2400-mhz-as08ggb24ceybgh/
163799,https://hotline.ua/computer-moduli-pamyati-dlya-pk-i-noutbukov/hynix_2_gb_so-dimm_ddr2_800_mhz_hymp125s64cp8-s6/
163800,https://hotline.ua/computer-moduli-pamyati-dlya-pk-i-noutbukov/samsung-2-gb-so-dimm-ddr2-800-mhz-m470t5663rz3-cf7/
163801,https://hotline.ua/computer-moduli-pamyati-dlya-pk-i-noutbukov/samsung_2_gb_ddr3_1333_mhz_m378b5773ch0-ch9/
163817,https://hotline.ua/computer-moduli-pamyati-dlya-pk-i-noutbukov/micron-8-gb-so-dimm-ddr4-2400-mhz-mta8atf1g64hz-2g3b1/
163818,https://hotline.ua/computer-moduli-pamyati-dlya-pk-i-noutbukov/samsung-4-gb-so-dimm-ddr3-1333-mhz-m471b5273ch0-ch9/
163860,https://hotline.ua/computer-moduli-pamyati-dlya-pk-i-noutbukov/micron-4-gb-ddr3-so-dimm-1600mhz-mt8ktf51264hz-1g6e1/
163864,https://hotline.ua/computer-moduli-pamyati-dlya-pk-i-noutbukov/samsung-4-gb-so-dimm-ddr3-1333-mhz-m471b5273dm0-ch9/
163887,https://hotline.ua/computer-moduli-pamyati-dlya-pk-i-noutbukov/samsung-4-gb-ddr3-1600-mhz-m378b5273ch0-ck0/
163893,https://hotline.ua/computer-moduli-pamyati-dlya-pk-i-noutbukov/hynix-2-gb-ddr3-1600-mhz-hmt325u6efr8c-pbn0/
163894,https://hotline.ua/computer-moduli-pamyati-dlya-pk-i-noutbukov/samsung_2_gb_ddr3_1333_mhz_m378b5773dh0-ch9/
163895,https://hotline.ua/computer-moduli-pamyati-dlya-pk-i-noutbukov/samsung_2_gb_so-dimm_ddr3_1333_mhz_m471b5773dh0-ch9/
163903,https://hotline.ua/computer-moduli-pamyati-dlya-pk-i-noutbukov/samsung_2_gb_so-dimm_ddr3_1333_mhz_m471b5773chs-ch9/
163904,https://hotline.ua/computer-moduli-pamyati-dlya-pk-i-noutbukov/samsung_4_gb_ddr3_1333_mhz_m378b5273dh0-ch9/
163909,https://hotline.ua/computer-moduli-pamyati-dlya-pk-i-noutbukov/samsung-4-gb-so-dimm-ddr4-2133-mhz-m471a5143eb0-cpb/
163922,https://hotline.ua/computer-moduli-pamyati-dlya-pk-i-noutbukov/hynix-2-gb-so-dimm-ddr3-1333-mhz-hmt125s6tfr8c-h9/
163923,https://hotline.ua/computer-moduli-pamyati-dlya-pk-i-noutbukov/samsung_2_gb_so-dimm_ddr3_1333_mhz_m471b5673fh0-ch9/
163924,https://hotline.ua/computer-moduli-pamyati-dlya-pk-i-noutbukov/crucial-4-gb-so-dimm-ddr3l-1866-mhz-ct51264bf186dj/
163933,https://hotline.ua/computer-moduli-pamyati-dlya-pk-i-noutbukov/samsung-4-gb-so-dimm-ddr4-2133-mhz-m471a5143db0-cpb/
163934,https://hotline.ua/computer-moduli-pamyati-dlya-pk-i-noutbukov/hynix-8-gb-so-dimm-ddr4-2133-mhz-hma41gs6afr8n-tfn0/
163938,https://hotline.ua/computer-moduli-pamyati-dlya-pk-i-noutbukov/samsung-4-gb-so-dimm-ddr2-800-mhz-m470t5267az3-cf7/
163953,https://hotline.ua/computer-moduli-pamyati-dlya-pk-i-noutbukov/samsung-4-gb-so-dimm-ddr3-1600-mhz-m471b5273ch0-ck0/
163955,https://hotline.ua/computer-moduli-pamyati-dlya-pk-i-noutbukov/samsung-4-gb-ddr3-1600-mhz-m378b5173qh0-ck0/
163956,https://hotline.ua/computer-moduli-pamyati-dlya-pk-i-noutbukov/samsung-4-gb-ddr3-1600-mhz-m378b5173db0-ck0/
163959,https://hotline.ua/computer-moduli-pamyati-dlya-pk-i-noutbukov/samsung_4_gb_ddr3_1333_mhz_m378b5273ch0-ch9/
163960,https://hotline.ua/computer-moduli-pamyati-dlya-pk-i-noutbukov/samsung-4-gb-so-dimm-ddr3-1600-mhz-m471b5173bh0-ck0/
163961,https://hotline.ua/computer-moduli-pamyati-dlya-pk-i-noutbukov/samsung-2-gb-so-dimm-ddr3-1600-mhz-m471b5773dh0-ck0f0/
163964,https://hotline.ua/computer-moduli-pamyati-dlya-pk-i-noutbukov/samsung_2_gb_so-dimm_ddr2_800_mhz_m470t5663eh3-cf7/
164018,https://hotline.ua/computer-moduli-pamyati-dlya-pk-i-noutbukov/samsung-4-gb-so-dimm-ddr3-1600-mhz-m471b5173bh0-yk0/
164021,https://hotline.ua/computer-moduli-pamyati-dlya-pk-i-noutbukov/samsung-2-gb-ddr2-800-mhz-m378t5663rz3-cf7/
164022,https://hotline.ua/computer-moduli-pamyati-dlya-pk-i-noutbukov/hynix-2-gb-sodimm-ddr3-1333-mhz-hmt325s6cfr8c-h9/
164023,https://hotline.ua/computer-moduli-pamyati-dlya-pk-i-noutbukov/sk-hynix-2-gb-ddr3-1333-mhz-hmt125u6tfr8c-h9/
164024,https://hotline.ua/computer-moduli-pamyati-dlya-pk-i-noutbukov/hynix-4-gb-so-dimm-ddr3-1600-mhz-hmt351s6efr8c-pb/
164025,https://hotline.ua/computer-moduli-pamyati-dlya-pk-i-noutbukov/kingston_1_gb_ddr2_667_mhz_kvr667d2n51g/
164034,no #page-search at M471B5773DH0-YK0
164035,https://hotline.ua/computer-moduli-pamyati-dlya-pk-i-noutbukov/samsung_2_gb_ddr3_1333_mhz_m378b5673fh0-ch9/
164040,https://hotline.ua/computer-moduli-pamyati-dlya-pk-i-noutbukov/samsung-4-gb-so-dimm-ddr3l-1600-mhz-m471b5273ch0-yk0/
164045,https://hotline.ua/computer-moduli-pamyati-dlya-pk-i-noutbukov/hynix-8-gb-so-dimm-ddr3-1600-mhz-hmt41gs6mfr8c-pb/
164050,https://hotline.ua/computer-moduli-pamyati-dlya-pk-i-noutbukov/hynix-4-gb-ddr3-1333-mhz-hmt351u6cfr8c-h9/
164051,https://hotline.ua/computer-moduli-pamyati-dlya-pk-i-noutbukov/kingston-8-gb-so-dimm-ddr4-2400-mhz-kvr24s17s88/
164053,https://hotline.ua/computer-moduli-pamyati-dlya-pk-i-noutbukov/hynix-4-gb-so-dimm-ddr3-1600-mhz-hmt351s6bfr8c-pbn0/
164056,https://hotline.ua/computer-moduli-pamyati-dlya-pk-i-noutbukov/samsung-4-gb-so-dimm-ddr3-1600-mhz-m471b5273eb0-ck0/
164057,https://hotline.ua/computer-moduli-pamyati-dlya-pk-i-noutbukov/hynix-8-gb-so-dimm-ddr3-1600-mhz-hmt41gs6dfr8a-pb/
164069,https://hotline.ua/computer-moduli-pamyati-dlya-pk-i-noutbukov/sk-hynix-2-gb-so-dimm-ddr2-800-mhz-hmp125s6efr8c-s6/
164072,https://hotline.ua/computer-moduli-pamyati-dlya-pk-i-noutbukov/samsung-4-gb-so-dimm-ddr4-2400-mhz-m471a5244bb0-crc/
164073,https://hotline.ua/computer-moduli-pamyati-dlya-pk-i-noutbukov/hynix-4-gb-so-dimm-ddr3-1333-mhz-hmt451s6mfr8c-h9/
164077,https://hotline.ua/computer-moduli-pamyati-dlya-pk-i-noutbukov/samsung-4-gb-so-dimm-ddr3l-1600-mhz-m471b5173cb0-yk0/
164101,https://hotline.ua/computer-moduli-pamyati-dlya-pk-i-noutbukov/samsung-2-gb-ddr3-1600-mhz-m378b5773ch0-ck0/
164102,https://hotline.ua/computer-moduli-pamyati-dlya-pk-i-noutbukov/samsung-2-gb-ddr3-1600-mhz-m378b5773dh0-ck0/
164109,https://hotline.ua/computer-moduli-pamyati-dlya-pk-i-noutbukov/hynix-2-gb-so-dimm-ddr3-1600-mhz-hmt425s6cfr6a-pbn0/
164111,https://hotline.ua/computer-moduli-pamyati-dlya-pk-i-noutbukov/hynix-2-gb-ddr3-1600-mhz-hmt325u6cfr8c-pbn0/
164112,https://hotline.ua/computer-moduli-pamyati-dlya-pk-i-noutbukov/hynix-4-gb-ddr3-1600-mhz-hmt451u6bfr8c-pb/
164113,https://hotline.ua/computer-moduli-pamyati-dlya-pk-i-noutbukov/sk-hynix-8-gb-so-dimm-ddr4-2400-mhz-hma81gs6afr8n-uh/
164116,https://hotline.ua/computer-moduli-pamyati-dlya-pk-i-noutbukov/samsung-8-gb-so-dimm-ddr3-1600-mhz-m471b1g73bh0-yk0/
164117,https://hotline.ua/computer-moduli-pamyati-dlya-pk-i-noutbukov/crucial-8gb-ddr3l-1600-mhz-ct102464bd160b/
164118,https://hotline.ua/computer-moduli-pamyati-dlya-pk-i-noutbukov/samsung-4-gb-ddr3-1333-mhz-m378b5273dh0-ck0/
164120,https://hotline.ua/computer-moduli-pamyati-dlya-pk-i-noutbukov/samsung-8-gb-so-dimm-ddr4-2133-mhz-m471a1k43bb0-cpb/
164130,https://hotline.ua/computer-moduli-pamyati-dlya-pk-i-noutbukov/sk-hynix-8-gb-ddr3l-1600-mhz-hmt41gu6dfr8a-pb/
164131,https://hotline.ua/computer-moduli-pamyati-dlya-pk-i-noutbukov/samsung-8-gb-ddr3-1600-mhz-m378b1g73db0-ck0/
164132,https://hotline.ua/computer-moduli-pamyati-dlya-pk-i-noutbukov/samsung-8-gb-ddr3-1600-mhz-m378b1g73eb0-ck0/
164133,https://hotline.ua/computer-moduli-pamyati-dlya-pk-i-noutbukov/samsung-8-gb-ddr4-2133-mhz-m378a1g43db0-cpb/
164134,https://hotline.ua/computer-moduli-pamyati-dlya-pk-i-noutbukov/samsung-16-gb-so-dimm-ddr4-2400-mhz-m471a2k43bb1-crc/
164135,https://hotline.ua/computer-moduli-pamyati-dlya-pk-i-noutbukov/crucial-8-gb-ddr4-2133-mhz-ct8g4dfd8213/
164141,https://hotline.ua/computer-moduli-pamyati-dlya-pk-i-noutbukov/samsung-8-gb-so-dimm-ddr4-2400-mhz-m471a1k43cb1-crc/
164142,https://hotline.ua/computer-moduli-pamyati-dlya-pk-i-noutbukov/samsung-8-gb-so-dimm-ddr4-2400-mhz-m471a1k43bb1-crc/
164143,https://hotline.ua/computer-moduli-pamyati-dlya-pk-i-noutbukov/sk-hynix-4-gb-so-dimm-ddr4-2400-mhz-hma851s6afr6n-uh/
164147,https://hotline.ua/computer-moduli-pamyati-dlya-pk-i-noutbukov/micron-4-gb-ddr4-2400mhz-cl17-12v-mta4atf51264az-2g3b1/
164149,https://hotline.ua/computer-moduli-pamyati-dlya-pk-i-noutbukov/kingston-4-gb-ddr4-2400-mhz-kvr24n17s84/
164150,https://hotline.ua/computer-moduli-pamyati-dlya-pk-i-noutbukov/kingston-8-gb-ddr4-2400-mhz-kvr24n17s88/
164151,https://hotline.ua/computer-moduli-pamyati-dlya-pk-i-noutbukov/kingston-16-gb-so-dimm-ddr4-2133-mhz-kvr21s15d816/
164153,https://hotline.ua/computer-moduli-pamyati-dlya-pk-i-noutbukov/crucial-16-gb-so-dimm-ddr4-2400-mhz-ct16g4sfd824a/
164155,https://hotline.ua/computer-moduli-pamyati-dlya-pk-i-noutbukov/micron-16-gb-so-dimm-ddr4-2133-mhz-mta16atf2g64hz-2g1a1/
164156,https://hotline.ua/computer-moduli-pamyati-dlya-pk-i-noutbukov/exceleram-4-gb-so-dimm-ddr4-2400-mhz-e404247s/
164158,https://hotline.ua/computer-moduli-pamyati-dlya-pk-i-noutbukov/apacer-4-gb-so-dimm-ddr4-2400-mhz-as04ggb24cewbgh/
164160,https://hotline.ua/computer-moduli-pamyati-dlya-pk-i-noutbukov/adata-8-gb-so-dimm-ddr4-2666-mhz-ad4s266638g19-s/
164161,https://hotline.ua/computer-moduli-pamyati-dlya-pk-i-noutbukov/exceleram-8-gb-so-dimm-ddr4-2400-mhz-e408247s/
164163,https://hotline.ua/computer-moduli-pamyati-dlya-pk-i-noutbukov/apacer-16-gb-so-dimm-ddr4-2400-mhz-as16ggb24ceybgh/
164164,https://hotline.ua/computer-moduli-pamyati-dlya-pk-i-noutbukov/transcend-4-gb-so-dimm-ddr4-2666-mhz-jm2666hsh-4g/
164165,https://hotline.ua/computer-moduli-pamyati-dlya-pk-i-noutbukov/transcend-4-gb-so-dimm-ddr4-2400-mhz-jetram-jm2400hsh-4g/
164166,https://hotline.ua/computer-moduli-pamyati-dlya-pk-i-noutbukov/goodram-4-gb-so-dimm-ddr4-2400-mhz-gr2400s464l17s4g/
164167,https://hotline.ua/computer-moduli-pamyati-dlya-pk-i-noutbukov/crucial-4-gb-so-dimm-ddr4-2666-mhz-ct4g4sfs8266/
164168,https://hotline.ua/computer-moduli-pamyati-dlya-pk-i-noutbukov/goodram-4-gb-so-dimm-ddr4-2666-mhz-gr2666s464l19s4g/
164169,https://hotline.ua/computer-moduli-pamyati-dlya-pk-i-noutbukov/kingston-4-gb-so-dimm-ddr4-2666-mhz-kvr26s19s64/
164170,https://hotline.ua/computer-moduli-pamyati-dlya-pk-i-noutbukov/transcend-8-gb-so-dimm-ddr4-2666-mhz-jm2666hsb-8g/
164171,https://hotline.ua/computer-moduli-pamyati-dlya-pk-i-noutbukov/team-8-gb-so-dimm-ddr4-2133-mhz-ted48g2133c15-s01/
164183,https://hotline.ua/computer-moduli-pamyati-dlya-pk-i-noutbukov/kingston-16-gb-ddr4-2400-mhz-kvr24n17d816/
164191,https://hotline.ua/computer-moduli-pamyati-dlya-pk-i-noutbukov/samsung_4_gb_so-dimm_ddr3_1333_mhz_m471b5273bh1-ch9/
164196,https://hotline.ua/computer-moduli-pamyati-dlya-pk-i-noutbukov/goodram_2_gb_ddr3_1333_mhz_gr1333d364l92g/
164199,https://hotline.ua/computer-moduli-pamyati-dlya-pk-i-noutbukov/team_4_gb_so-dimm_ddr3_1333_mhz_tsd34096m1333c9-e/
164201,https://hotline.ua/computer-moduli-pamyati-dlya-pk-i-noutbukov/exceleram-4-gb-ddr3-1333-mhz-e30140a/
164202,https://hotline.ua/computer-moduli-pamyati-dlya-pk-i-noutbukov/exceleram-4-gb-ddr3-1333-mhz-e30209a/
164203,https://hotline.ua/computer-moduli-pamyati-dlya-pk-i-noutbukov/exceleram-8-gb-ddr3-1333-mhz-e30200a/
164204,https://hotline.ua/computer-moduli-pamyati-dlya-pk-i-noutbukov/exceleram-8-gb-ddr3-1333-mhz-eg3001b/
164205,https://hotline.ua/computer-moduli-pamyati-dlya-pk-i-noutbukov/golden-memory-2-gb-ddr3-1600-mhz-gm16n112/
164206,https://hotline.ua/computer-moduli-pamyati-dlya-pk-i-noutbukov/team-2-gb-so-dimm-ddr3-1600-mhz-ted3l2g1600c11-s01/
164207,https://hotline.ua/computer-moduli-pamyati-dlya-pk-i-noutbukov/golden-memory-2-gb-so-dimm-ddr3-1600-mhz-gm16s112/
164208,https://hotline.ua/computer-moduli-pamyati-dlya-pk-i-noutbukov/goodram-2-gb-ddr3-1600-mhz-gr1600d364l112g/
164210,https://hotline.ua/computer-moduli-pamyati-dlya-pk-i-noutbukov/golden-memory-8-gb-ddr3-1600-mhz-gm16ln118/
164211,https://hotline.ua/computer-moduli-pamyati-dlya-pk-i-noutbukov/team-8-gb-ddr3-1600-mhz-ted38g1600c1101/
164212,https://hotline.ua/computer-moduli-pamyati-dlya-pk-i-noutbukov/golden-memory-8-gb-so-dimm-ddr3-1600-mhz-gm16s118/
164213,https://hotline.ua/computer-moduli-pamyati-dlya-pk-i-noutbukov/golden-memory-8-gb-ddr3-1600-mhz-gm16n118/
164214,https://hotline.ua/computer-moduli-pamyati-dlya-pk-i-noutbukov/hynix-8-gb-ddr3-1600-mhz-hmt41gu6mfr8c-pbn0/
164215,https://hotline.ua/computer-moduli-pamyati-dlya-pk-i-noutbukov/golden-memory-8-gb-so-dimm-ddr3l-1600-mhz-gm16ls118/
164216,https://hotline.ua/computer-moduli-pamyati-dlya-pk-i-noutbukov/goodram-4-gb-ddr4-2133-mhz-gr2133d464l15s4g/
164217,https://hotline.ua/computer-moduli-pamyati-dlya-pk-i-noutbukov/geil-4-gb-ddr4-2133-mhz-gp44gb2133c15sc/
164218,https://hotline.ua/computer-moduli-pamyati-dlya-pk-i-noutbukov/goodram-8-gb-ddr4-2133-mhz-gr2133d464l15s8g/
164219,https://hotline.ua/computer-moduli-pamyati-dlya-pk-i-noutbukov/leven-ddr4-2133mhz-16gb-jr4u2133172408-16m/
164220,https://hotline.ua/computer-moduli-pamyati-dlya-pk-i-noutbukov/golden-memory-4-gb-ddr4-2400-mhz-gm24n17s84/
164221,https://hotline.ua/computer-moduli-pamyati-dlya-pk-i-noutbukov/team-4-gb-ddr4-2400-mhz-ted44g2400c1601/
164222,https://hotline.ua/computer-moduli-pamyati-dlya-pk-i-noutbukov/team-8-gb-ddr4-2400-mhz-ted48g2400c1601/
164223,https://hotline.ua/computer-moduli-pamyati-dlya-pk-i-noutbukov/transcend-8-gb-so-dimm-ddr4-2400-mhz-jetram-jm2400hsb-8g/
164251,https://hotline.ua/computer-moduli-pamyati-dlya-pk-i-noutbukov/samsung-8-gb-so-dimm-ddr4-2666-mhz-m471a1k43cb1-ctd/
164255,https://hotline.ua/computer-moduli-pamyati-dlya-pk-i-noutbukov/exceleram-4-gb-ddr3-1600-mhz-e30149a/
164266,https://hotline.ua/computer-moduli-pamyati-dlya-pk-i-noutbukov/samsung-4-gb-ddr3-1600-mhz-m378b5273eb0-ck0/
164267,https://hotline.ua/computer-moduli-pamyati-dlya-pk-i-noutbukov/samsung-4-gb-ddr3-1600-mhz-m378b5173bh0-ck0/
164279,https://hotline.ua/computer-moduli-pamyati-dlya-pk-i-noutbukov/kingston-2-gb-so-dimm-ddr3-1333-mhz-kvr1333d3s8s92g/
164282,https://hotline.ua/computer-moduli-pamyati-dlya-pk-i-noutbukov/hynix-4-gb-ddr3-1600-mhz-hmt351u6efr8c-pb/
164285,https://hotline.ua/computer-moduli-pamyati-dlya-pk-i-noutbukov/samsung-8-gb-ddr3l-1600-mhz-m378b1g73eb0-yk0/
164288,https://hotline.ua/computer-moduli-pamyati-dlya-pk-i-noutbukov/sk-hynix-8-gb-so-dimm-ddr4-2400-mhz-hma81gs6mfr8n-uh/
164289,https://hotline.ua/computer-moduli-pamyati-dlya-pk-i-noutbukov/samsung-8-gb-ddr4-2666-mhz-m471a1k43db1-ctd/
164293,https://hotline.ua/computer-moduli-pamyati-dlya-pk-i-noutbukov/hynix-4-gb-ddr4-2133-mhz-hma451u6afr8n-tfn0/
164294,https://hotline.ua/computer-moduli-pamyati-dlya-pk-i-noutbukov/sk-hynix-4-gb-ddr4-2400-mhz-hma851u6afr6n-uh/
164300,https://hotline.ua/computer-moduli-pamyati-dlya-pk-i-noutbukov/kingston-4-gb-ddr4-2400-mhz-kvr24n17s64/
164303,https://hotline.ua/computer-moduli-pamyati-dlya-pk-i-noutbukov/kingston-4-gb-so-dimm-ddr4-2400-mhz-kvr24s17s64/
164304,https://hotline.ua/computer-moduli-pamyati-dlya-pk-i-noutbukov/apacer-4-gb-ddr4-2400-mhz-el04g2tkfh/
164306,https://hotline.ua/computer-moduli-pamyati-dlya-pk-i-noutbukov/crucial-16-gb-ddr4-2400-mhz-ct16g4dfd824a/
164307,https://hotline.ua/computer-moduli-pamyati-dlya-pk-i-noutbukov/team-4-gb-ddr4-2133-mhz-ted44g2133c1501/
164308,https://hotline.ua/computer-moduli-pamyati-dlya-pk-i-noutbukov/team-4-gb-so-dimm-ddr4-2133-mhz-ted44g2133c15-s01/
164310,https://hotline.ua/computer-moduli-pamyati-dlya-pk-i-noutbukov/team-16-gb-ddr4-2400-mhz-ted416g2400c1601/
164311,https://hotline.ua/computer-moduli-pamyati-dlya-pk-i-noutbukov/exceleram-16-gb-2x8gb-ddr4-2400-mhz-e416247ad/
164312,https://hotline.ua/computer-moduli-pamyati-dlya-pk-i-noutbukov/exceleram-16-gb-so-dimm-ddr4-2400-mhz-e416247s/
164313,https://hotline.ua/computer-moduli-pamyati-dlya-pk-i-noutbukov/crucial-4-gb-ddr4-2666-mhz-ct4g4dfs8266/
164314,https://hotline.ua/computer-moduli-pamyati-dlya-pk-i-noutbukov/kingston-8-gb-ddr4-2666-mhz-kvr26n19s88/
164315,https://hotline.ua/computer-moduli-pamyati-dlya-pk-i-noutbukov/kingston-8-gb-so-dimm-ddr4-2666-mhz-kvr26s19s88/
164316,https://hotline.ua/computer-moduli-pamyati-dlya-pk-i-noutbukov/kingston-16-gb-ddr4-2666-mhz-kvr26n19d816/
164317,https://hotline.ua/computer-moduli-pamyati-dlya-pk-i-noutbukov/crucial-16-gb-ddr4-2666-mhz-ct16g4dfd8266/
164318,https://hotline.ua/computer-moduli-pamyati-dlya-pk-i-noutbukov/kingston-16-gb-so-dimm-ddr4-2666-mhz-kcp426sd816/
164319,https://hotline.ua/computer-moduli-pamyati-dlya-pk-i-noutbukov/apacer-8-gb-so-dimm-ddr4-2666-mhz-as08ggb26cqybgh/
164323,https://hotline.ua/computer-moduli-pamyati-dlya-pk-i-noutbukov/samsung-4-gb-so-dimm-ddr4-2666-mhz-m471a5244cb0-ctd/
164324,https://hotline.ua/computer-moduli-pamyati-dlya-pk-i-noutbukov/sk-hynix-4-gb-so-dimm-ddr4-2666-mhz-hma851s6cjr6n-vk/
164327,https://hotline.ua/computer-moduli-pamyati-dlya-pk-i-noutbukov/kingston-4-gb-ddr4-2400-mhz-hx424c15fb4/
164328,https://hotline.ua/computer-moduli-pamyati-dlya-pk-i-noutbukov/kingston-8-gb-ddr3-1600-mhz-hx316c10f8/
164329,https://hotline.ua/computer-moduli-pamyati-dlya-pk-i-noutbukov/kingston-8-gb-ddr4-2400-mhz-hyperx-fury-black-hx424c15fb28/
164349,https://hotline.ua/computer-moduli-pamyati-dlya-pk-i-noutbukov/apacer-8-gb-so-dimm-ddr4-2400-mhz-as08ggb24ceybgh/
164351,https://hotline.ua/computer-moduli-pamyati-dlya-pk-i-noutbukov/samsung-16-gb-so-dimm-ddr4-2400-mhz-m471a2k43cb1-crc/
164352,https://hotline.ua/computer-moduli-pamyati-dlya-pk-i-noutbukov/kingston-8-gb-so-dimm-ddr4-2400-mhz-kcp424ss88/
164353,https://hotline.ua/computer-moduli-pamyati-dlya-pk-i-noutbukov/adata-8-gb-so-dimm-ddr4-2400-mhz-premier-ad4s240038g17-s/
164361,https://hotline.ua/computer-moduli-pamyati-dlya-pk-i-noutbukov/hynix_4_gb_so-dimm_ddr2_800_mhz_hmp351s6afr8c-s6/
164367,https://hotline.ua/computer-moduli-pamyati-dlya-pk-i-noutbukov/samsung-4-gb-ddr4-2133-mhz-m378a5143eb1-cpb/
164370,https://hotline.ua/computer-moduli-pamyati-dlya-pk-i-noutbukov/kingston-8-gb-ddr3-1333-mhz-kcp313nd88/
164371,https://hotline.ua/computer-moduli-pamyati-dlya-pk-i-noutbukov/samsung-4-gb-ddr3l-1600-mhz-m378b5173eb0-yk0/
164373,https://hotline.ua/computer-moduli-pamyati-dlya-pk-i-noutbukov/samsung-4-gb-ddr3l-1600-mhz-m378b5173qh0-yk0/
164374,https://hotline.ua/computer-moduli-pamyati-dlya-pk-i-noutbukov/samsung-4-gb-ddr3-1600-mhz-m378b5173cb0-ck0/
164375,https://hotline.ua/computer-moduli-pamyati-dlya-pk-i-noutbukov/hynix-4-gb-ddr3-1600-mhz-hmt451u6afr8c-pb/
164377,https://hotline.ua/computer-moduli-pamyati-dlya-pk-i-noutbukov/crucial-8-gb-so-dimm-ddr3l-1866-mhz-ct102464bf186d/
164381,https://hotline.ua/computer-moduli-pamyati-dlya-pk-i-noutbukov/goodram_4_gb_ddr3_1333_mhz_gr1333d364l94g/
164382,https://hotline.ua/computer-moduli-pamyati-dlya-pk-i-noutbukov/hynix-4-gb-ddr3-1600-mhz-hmt41gu6bfr8a-pbn0/
164379,https://hotline.ua/computer-moduli-pamyati-dlya-pk-i-noutbukov/micron-8-gb-so-dimm-ddr3l-1600-mhz-mt16ktf1g64hz-1g6e1/
164383,https://hotline.ua/computer-moduli-pamyati-dlya-pk-i-noutbukov/sk-hynix-8-gb-ddr4-2133-mhz-hma41gu6afr8n-tf/
164386,https://hotline.ua/computer-moduli-pamyati-dlya-pk-i-noutbukov/samsung-8-gb-ddr4-2400-mhz-m378a1k43cb2-crc/
164387,https://hotline.ua/computer-moduli-pamyati-dlya-pk-i-noutbukov/sk-hynix-8-gb-ddr4-2400-mhz-hma81gu6afr8n-uh/
164388,https://hotline.ua/computer-moduli-pamyati-dlya-pk-i-noutbukov/micron-8-gb-ddr4-2400-mhz-mta8atf1g64az-2g3h1/
164390,https://hotline.ua/computer-moduli-pamyati-dlya-pk-i-noutbukov/samsung-8-gb-ddr4-2133-mhz-m378a1k43bb1-cpb/
164393,https://hotline.ua/computer-moduli-pamyati-dlya-pk-i-noutbukov/sk-hynix-8-gb-ddr4-2666-mhz-hma81gu6cjr8n-vk/
164395,https://hotline.ua/computer-moduli-pamyati-dlya-pk-i-noutbukov/samsung-8-gb-ddr4-2666-mhz-m378a1k43cb2-ctd/
164398,https://hotline.ua/computer-moduli-pamyati-dlya-pk-i-noutbukov/samsung-4-gb-ddr4-2400-mhz-m378a5244cb0-crc/
164399,https://hotline.ua/computer-moduli-pamyati-dlya-pk-i-noutbukov/samsung-4-gb-ddr4-2133-mhz-m378a5143db0-cpb/
164401,https://hotline.ua/computer-moduli-pamyati-dlya-pk-i-noutbukov/samsung-16-gb-so-dimm-ddr4-2133-mhz-m471a2k43bb1-cpb/
164402,https://hotline.ua/computer-moduli-pamyati-dlya-pk-i-noutbukov/sk-hynix-16-gb-so-dimm-ddr4-2400-mhz-hma82gs6afr8n-uh/
164403,https://hotline.ua/computer-moduli-pamyati-dlya-pk-i-noutbukov/samsung-4-gb-so-dimm-ddr3-1600-mhz-m471b5273eb0-yk0/
164409,https://hotline.ua/computer-moduli-pamyati-dlya-pk-i-noutbukov/hynix-8-gb-ddr3-1600-mhz-hmt41gu6mfr8c-pbn0/
164412,https://hotline.ua/computer-moduli-pamyati-dlya-pk-i-noutbukov/kingston-8-gb-ddr3-1333-mhz-kcp313nd88/
164416,https://hotline.ua/computer-moduli-pamyati-dlya-pk-i-noutbukov/samsung-8-gb-ddr3-1600-mhz-m378b1g73qh0-ck0/
164425,https://hotline.ua/computer-moduli-pamyati-dlya-pk-i-noutbukov/hynix-4-gb-ddr3-1600-mhz-hmt451s6afr8c-pbna/
164429,https://hotline.ua/computer-moduli-pamyati-dlya-pk-i-noutbukov/gskill-8-gb-ddr3-1333-mhz-f3-10600cl9s-8gbnt/
164453,https://hotline.ua/computer-moduli-pamyati-dlya-pk-i-noutbukov/hynix_4_gb_so-dimm_ddr3_1066_mhz_hmt351s6bfr8c-g7/
164455,https://hotline.ua/computer-moduli-pamyati-dlya-pk-i-noutbukov/micron-4-gb-so-dimm-ddr3-1600-mhz-mt16ktf51264hz-1g6k1/
164458,https://hotline.ua/computer-moduli-pamyati-dlya-pk-i-noutbukov/kingston-2-gb-ddr2-800-mhz-kth-xw4400c62g/
164459,https://hotline.ua/computer-moduli-pamyati-dlya-pk-i-noutbukov/crucial-4-gb-ddr3-1333-mhz-mt16jtf51264az-1g4m1/
164460,https://hotline.ua/computer-moduli-pamyati-dlya-pk-i-noutbukov/elpida-4-gb-so-dimm-ddr3l-1600-mhz-ebj40ug8efu0-gn-f/
164462,https://hotline.ua/computer-moduli-pamyati-dlya-pk-i-noutbukov/sk-hynix-8-gb-so-dimm-ddr4-2666-mhz-hma81gs6jjr8n-vk/
164466,https://hotline.ua/computer-moduli-pamyati-dlya-pk-i-noutbukov/samsung-2-gb-ddr3-1066-mhz-m378b5673fh0-cf8/
164474,https://hotline.ua/computer-moduli-pamyati-dlya-pk-i-noutbukov/corsair-16-gb-2x8gb-ddr4-3000-mhz-cmk16gx4m2b3000c15/
164475,https://hotline.ua/computer-moduli-pamyati-dlya-pk-i-noutbukov/corsair-32-gb-2x16gb-ddr4-3200-mhz-vengeance-lpx-cmk32gx4m2b3200c16/
164477,https://hotline.ua/computer-moduli-pamyati-dlya-pk-i-noutbukov/kingston-8-gb-ddr4-2133-mhz-kcp421ns88/
164490,https://hotline.ua/computer-moduli-pamyati-dlya-pk-i-noutbukov/crucial-16-gb-so-dimm-ddr4-2666-mhz-ct16g4sfd8266/
164491,https://hotline.ua/computer-moduli-pamyati-dlya-pk-i-noutbukov/micron-4-gb-ddr3-1600-mhz-mt8jtf51264az-1g6e1/
164492,https://hotline.ua/computer-moduli-pamyati-dlya-pk-i-noutbukov/sk-hynix-8-gb-ddr4-2666-mhz-hma81gu6jjr8n-vk/
164503,https://hotline.ua/computer-moduli-pamyati-dlya-pk-i-noutbukov/kingston-2-gb-so-dimm-ddr2-667-mhz-ktl-tp6672g/
164516,https://hotline.ua/computer-moduli-pamyati-dlya-pk-i-noutbukov/hynix-4-gb-ddr3-1600-mhz-hmt451u6bfr8a-pb/
164517,https://hotline.ua/computer-moduli-pamyati-dlya-pk-i-noutbukov/kingston-8-gb-so-dimm-ddr3-1600-mhz-kth-x3cl8g/
164522,https://hotline.ua/computer-moduli-pamyati-dlya-pk-i-noutbukov/kingston-8-gb-2x4gb-ddr3-1600-mhz-kvr16n11s8k28/
164523,https://hotline.ua/computer-moduli-pamyati-dlya-pk-i-noutbukov/kingston-4-gb-so-dimm-ddr3-1600-mhz-ktd-l3cs4g/
164524,https://hotline.ua/computer-moduli-pamyati-dlya-pk-i-noutbukov/kingston-4-gb-so-dimm-ddr3-1333-mhz-kth-x3bs4g/
164525,https://hotline.ua/computer-moduli-pamyati-dlya-pk-i-noutbukov/micron-4-gb-so-dimm-ddr3l-1600-mhz-mt8ktf51264hz-1g6n1/
164531,https://hotline.ua/computer-moduli-pamyati-dlya-pk-i-noutbukov/crucial-8-gb-ddr4-2666-mhz-ct8g4dfs8266/
164532,https://hotline.ua/computer-moduli-pamyati-dlya-pk-i-noutbukov/crucial-8-gb-so-dimm-ddr4-2666-mhz-ct8g4sfs8266/
164533,https://hotline.ua/computer-moduli-pamyati-dlya-pk-i-noutbukov/samsung-16-gb-ddr4-2666-mhz-m378a2g43mx3-ctd/
164534,https://hotline.ua/computer-moduli-pamyati-dlya-pk-i-noutbukov/samsung-16-gb-so-dimm-ddr4-2666-mhz-m471a2k43cb1-ctd/
164536,https://hotline.ua/computer-moduli-pamyati-dlya-pk-i-noutbukov/sk-hynix-4-gb-so-dimm-ddr3-1600-mhz-hmt451s6bfr8c-pbn0/
164550,https://hotline.ua/computer-moduli-pamyati-dlya-pk-i-noutbukov/kingston-4-gb-ddr3-1333-mhz-kth9600bs4g/
164554,https://hotline.ua/computer-moduli-pamyati-dlya-pk-i-noutbukov/micron-8-gb-so-dimm-ddr4-2133-mhz-mta16atf1g64hz-2g1b1/
164556,https://hotline.ua/computer-moduli-pamyati-dlya-pk-i-noutbukov/kingston-2-gb-so-dimm-ddr2-800-mhz-ktd-insp6000c2g/
164559,https://hotline.ua/computer-moduli-pamyati-dlya-pk-i-noutbukov/kingston-16-gb-so-dimm-ddr4-2666-mhz-kvr26s19d816/
164561,https://hotline.ua/computer-moduli-pamyati-dlya-pk-i-noutbukov/micron-8-gb-ddr4-2400-mhz-mta8atf1g64az-2g3e1/
164564,https://hotline.ua/computer-moduli-pamyati-dlya-pk-i-noutbukov/kingston_4_gb_so-dimm_ddr3_1333_mhz_kta-mb13334g/
164576,https://hotline.ua/computer-moduli-pamyati-dlya-pk-i-noutbukov/amd-8-gb-ddr4-2133-mhz-r748g2133u2s-u/
164578,https://hotline.ua/computer-moduli-pamyati-dlya-pk-i-noutbukov/samsung-4-gb-ddr4-2400-mhz-m471a5143sb1-crc/
164579,https://hotline.ua/computer-moduli-pamyati-dlya-pk-i-noutbukov/kingston-8-gb-so-dimm-ddr4-2666-mhz-kcp426ss88/
164582,https://hotline.ua/computer-moduli-pamyati-dlya-pk-i-noutbukov/micron-8-gb-ddr4-2400-mhz-mta8atf1g64hz-2g3e1/
164583,https://hotline.ua/computer-moduli-pamyati-dlya-pk-i-noutbukov/crucial-8-gb-ddr4-2400-mhz-mta8atf1g64hz-2g3h1/
164585,https://hotline.ua/computer-moduli-pamyati-dlya-pk-i-noutbukov/hynix-16-gb-so-dimm-ddr4-2133-mhz-hma82gs6mfr8n-tfn0/
164602,https://hotline.ua/computer-moduli-pamyati-dlya-pk-i-noutbukov/samsung-4-gb-ddr4-2666-mhz-m378a5244cb0-ctd/
164603,https://hotline.ua/computer-moduli-pamyati-dlya-pk-i-noutbukov/kingston-4-gb-ddr4-2666-mhz-kcp426ns64/
164604,https://hotline.ua/computer-moduli-pamyati-dlya-pk-i-noutbukov/kingston-4-gb-ddr4-2400-mhz-valueram-kvr24n17s6l4/
164605,https://hotline.ua/computer-moduli-pamyati-dlya-pk-i-noutbukov/goodram-8-gb-so-dimm-ddr4-2666-mhz-gr2666s464l19s8g/
164606,https://hotline.ua/computer-moduli-pamyati-dlya-pk-i-noutbukov/sk-hynix-16-gb-so-dimm-ddr4-2666-mhz-hma82gs6jjr8n-vkn0/
164610,https://hotline.ua/computer-moduli-pamyati-dlya-pk-i-noutbukov/patriot-4-gb-so-dimm-ddr4-2400-mhz-psd44g240082s/
164622,https://hotline.ua/computer-moduli-pamyati-dlya-pk-i-noutbukov/crucial-8-gb-so-dimm-ddr4-2400-mhz-ct8g4sfd824a/
164623,https://hotline.ua/computer-moduli-pamyati-dlya-pk-i-noutbukov/sk-hynix-8-gb-ddr4-2666-mhz-hma81gs6cjr8n-vk/
164625,https://hotline.ua/computer-moduli-pamyati-dlya-pk-i-noutbukov/hynix-16-gb-ddr4-2133-mhz-hma82gu6mfr8n-tfn0/
164626,https://hotline.ua/computer-moduli-pamyati-dlya-pk-i-noutbukov/samsung-16-gb-ddr4-2133-mhz-m378a2k43bb1-cpb/
164627,https://hotline.ua/computer-moduli-pamyati-dlya-pk-i-noutbukov/samsung-16-gb-ddr4-2400-mhz-m378a2k43cb1-crc/
164629,https://hotline.ua/computer-moduli-pamyati-dlya-pk-i-noutbukov/crucial-16-gb-ddr4-2133-mhz-ct16g4dfd8213/
164655,https://hotline.ua/computer-moduli-pamyati-dlya-pk-i-noutbukov/golden-memory-4-gb-so-dimm-ddr3-1600-mhz-gm16s114/
164656,https://hotline.ua/computer-moduli-pamyati-dlya-pk-i-noutbukov/kingston-64-gb-2x32gb-so-dimm-ddr4-2666-mhz-hyperx-impact-hx426s16ibk264/
164657,https://hotline.ua/computer-moduli-pamyati-dlya-pk-i-noutbukov/kingston-32-gb-so-dimm-ddr4-2400-mhz-hyperx-impact-hx424s15ib32/
164658,https://hotline.ua/computer-moduli-pamyati-dlya-pk-i-noutbukov/apacer-32-gb-2x16gb-so-dimm-ddr4-2400-mhz-nox-es32gatgeek2/
164659,https://hotline.ua/computer-moduli-pamyati-dlya-pk-i-noutbukov/exceleram-32-gb-2x16gb-so-dimm-ddr4-2400-mhz-e432247sd/
164660,https://hotline.ua/computer-moduli-pamyati-dlya-pk-i-noutbukov/exceleram-8-gb-ddr4-2400-mhz-e408247a/
164661,https://hotline.ua/computer-moduli-pamyati-dlya-pk-i-noutbukov/exceleram-8-gb-ddr4-2666-mhz-e408269a/
164662,https://hotline.ua/computer-moduli-pamyati-dlya-pk-i-noutbukov/exceleram-8-gb-ddr4-2400-mhz-color-red-e47051a/
164663,https://hotline.ua/computer-moduli-pamyati-dlya-pk-i-noutbukov/exceleram-4-gb-ddr4-2400-mhz-e47033a/
164664,https://hotline.ua/computer-moduli-pamyati-dlya-pk-i-noutbukov/kingston-8-gb-ddr4-2666-mhz-fury-black-hx426c16fb38/
164665,https://hotline.ua/computer-moduli-pamyati-dlya-pk-i-noutbukov/leven-ddr3-1600mhz-8gb-jr3u1600172308-8m/
164666,https://hotline.ua/dom-stulya/art-metal-furnitureamf-frensis-chernyjcowboy-chernyj-kofe-545036/
164668,https://hotline.ua/computer-moduli-pamyati-dlya-pk-i-noutbukov/kingston-4-gb-ddr4-2666-mhz-hp26d4u9s1me-4/
164693,https://hotline.ua/computer-moduli-pamyati-dlya-pk-i-noutbukov/sk-hynix-16-gb-so-dimm-ddr4-2666-mhz-hma82gs6cjr8n-vk/
164738,https://hotline.ua/computer-moduli-pamyati-dlya-pk-i-noutbukov/crucial-16-gb-ddr3l-1600-mhz-ct204864bd160b/
164747,https://hotline.ua/computer-moduli-pamyati-dlya-pk-i-noutbukov/samsung-8-gb-so-dimm-ddr3-1333-mhz-m471b1g73bh0-ch9/
164756,https://hotline.ua/computer-moduli-pamyati-dlya-pk-i-noutbukov/transcend-16-gb-ddr4-2666-mhz-jetram-jm2666hlb-16g/
164757,https://hotline.ua/computer-moduli-pamyati-dlya-pk-i-noutbukov/transcend-16-gb-so-dimm-ddr4-2666-mhz-jetram-jm2666hsb-16g/
164773,https://hotline.ua/computer-moduli-pamyati-dlya-pk-i-noutbukov/kingston-8-gb-ddr3-1600-mhz-ktl-tc3168g/
164778,https://hotline.ua/computer-moduli-pamyati-dlya-pk-i-noutbukov/samsung-16-gb-ddr4-2666-mhz-m471a2k43db1-ctd/
164780,https://hotline.ua/computer-moduli-pamyati-dlya-pk-i-noutbukov/kingston-4-gb-so-dimm-ddr3-1600-mhz-kth-x3cs4g/
164791,https://hotline.ua/computer-moduli-pamyati-dlya-pk-i-noutbukov/transcend-8-gb-ddr3-1600-mhz-jm1600klh-8g/
163637,https://hotline.ua/computer-moduli-pamyati-dlya-pk-i-noutbukov/kingston-4-gb-ddr3-1600-mhz-kvr16n114/
163720,https://hotline.ua/computer-moduli-pamyati-dlya-pk-i-noutbukov/samsung-8-gb-so-dimm-ddr4-2133-mhz-m471a1g43db0/
163358,https://hotline.ua/computer-moduli-pamyati-dlya-pk-i-noutbukov/kingston-4-gb-so-dimm-ddr3-1600-mhz-kcp316ss84/
163892,https://hotline.ua/computer-moduli-pamyati-dlya-pk-i-noutbukov/hynix_2_gb_ddr3_1333_mhz_hmt325u6bfr8c-h9/
163939,https://hotline.ua/computer-moduli-pamyati-dlya-pk-i-noutbukov/samsung_2_gb_ddr3_1333_mhz_m378b5673eh1-ch9/
163965,https://hotline.ua/computer-moduli-pamyati-dlya-pk-i-noutbukov/samsung-2-gb-so-dimm-ddr2-667-mhz-m470t5663rz3-ce6/
164831,https://hotline.ua/computer-moduli-pamyati-dlya-pk-i-noutbukov/kingston-8-gb-ddr4-so-dimm-2666-mhz-hyperx-impact-hx426s15ib28/
164828,https://hotline.ua/computer-moduli-pamyati-dlya-pk-i-noutbukov/kingston-1-gb-so-dimm-ddr-333-mhz-kvr333x64sc251g/
164832,https://hotline.ua/computer-moduli-pamyati-dlya-pk-i-noutbukov/kingston-8-gb-ddr3l-1600-mhz-kcp3l16nd88/
164844,https://hotline.ua/computer-moduli-pamyati-dlya-pk-i-noutbukov/samsung-8-gb-ddr4-3200-mhz-m471a1k43db1-cwe/
164830,https://hotline.ua/computer-moduli-pamyati-dlya-pk-i-noutbukov/sk-hynix-4-gb-so-dimm-ddr4-2666-mhz-hma851s6djr6n-vk/
164846,https://hotline.ua/computer-moduli-pamyati-dlya-pk-i-noutbukov/transcend_4_gb_ddr3_1333_mhz_jm1333kln-4g/
164849,https://hotline.ua/computer-moduli-pamyati-dlya-pk-i-noutbukov/amd-4-gb-ddr3-1333-mhz-r334g1339u1s-uo/
164853,https://hotline.ua/computer-moduli-pamyati-dlya-pk-i-noutbukov/sk-hynix-16-gb-so-dimm-ddr4-2666-mhz-hma82gs6djr8n-vk/
164852,https://hotline.ua/computer-moduli-pamyati-dlya-pk-i-noutbukov/sk-hynix-8-gb-so-dimm-ddr4-3200-mhz-hma81gs6djr8n-xn/
164864,https://hotline.ua/computer-moduli-pamyati-dlya-pk-i-noutbukov/crucial-32-gb-2x16gb-so-dimm-ddr4-2133-mhz-ct2k16g4sfd8213/
164863,https://hotline.ua/computer-moduli-pamyati-dlya-pk-i-noutbukov/adata-8-gb-so-dimm-ddr4-2400-mhz-premier-ad4s240038g17-s/
164860,https://hotline.ua/computer-moduli-pamyati-dlya-pk-i-noutbukov/goodram-8-gb-ddr3-1600-mhz-gr1600d364l118g/
164870,https://hotline.ua/computer-moduli-pamyati-dlya-pk-i-noutbukov/kingston-4-gb-so-dimm-ddr3-1333-mhz-kcp313ss84/
164883,https://hotline.ua/computer-moduli-pamyati-dlya-pk-i-noutbukov/kingston-8-gb-ddr4-2133-mhz-kvr21n15s88/
164881,https://hotline.ua/computer-moduli-pamyati-dlya-pk-i-noutbukov/crucial_4_gb_ddr3_1333_mhz_ct51264ba1339/
164901,https://hotline.ua/computer-moduli-pamyati-dlya-pk-i-noutbukov/crucial-16-gb-so-dimm-ddr4-2400-mhz-ballistix-sport-lt-bls16g4s240fsd/
164942,https://hotline.ua/computer-moduli-pamyati-dlya-pk-i-noutbukov/sk-hynix-4-gb-ddr4-2666-mhz-hma851u6jjr6n-vk/
164912,https://hotline.ua/computer-moduli-pamyati-dlya-pk-i-noutbukov/amd-4-gb-ddr4-2666-mhz-radeon-r7-performance-r744g2606u1s-u/
164928,https://hotline.ua/computer-moduli-pamyati-dlya-pk-i-noutbukov/kingston-4-gb-so-dimm-ddr4-3200-mhz-kvr32s22s64/
164919,https://hotline.ua/computer-moduli-pamyati-dlya-pk-i-noutbukov/patriot-8-gb-ddr4-2666-mhz-signature-line-psd48g266681/
164929,https://hotline.ua/computer-moduli-pamyati-dlya-pk-i-noutbukov/kingston-4-gb-ddr4-3200-mhz-hyperx-fury-black-hx432c16fb34/
164931,https://hotline.ua/computer-moduli-pamyati-dlya-pk-i-noutbukov/lexar-8-gb-so-dimm-ddr4-3200-mhz-ld4as008g-r3200gsst/
164932,https://hotline.ua/computer-moduli-pamyati-dlya-pk-i-noutbukov/crucial-8-gb-so-dimm-ddr4-3200-mhz-ballistix-black-bl8g32c16s4b/
164933,https://hotline.ua/computer-moduli-pamyati-dlya-pk-i-noutbukov/kingston-8-gb-so-dimm-ddr4-3200-mhz-kvr32s22s88/
164923,https://hotline.ua/computer-moduli-pamyati-dlya-pk-i-noutbukov/crucial-16-gb-so-dimm-ddr4-2666-mhz-ct16g4sfra266/
164921,https://hotline.ua/computer-moduli-pamyati-dlya-pk-i-noutbukov/amd-16-gb-so-dimm-ddr4-2666-mhz-r7416g2606s2s-u/
164922,https://hotline.ua/computer-moduli-pamyati-dlya-pk-i-noutbukov/kingston-16-gb-ddr4-2666-mhz-kvr26n19s816/
164920,https://hotline.ua/computer-moduli-pamyati-dlya-pk-i-noutbukov/crucial-16-gb-ddr4-2666-mhz-ct16g4dfra266/
164934,https://hotline.ua/computer-moduli-pamyati-dlya-pk-i-noutbukov/lexar-16-gb-ddr4-3200-mhz-ld4au016g-r3200gsst/
164935,https://hotline.ua/computer-moduli-pamyati-dlya-pk-i-noutbukov/kingston-16-gb-ddr4-3200-mhz-kcp432ns816/
164939,https://hotline.ua/computer-moduli-pamyati-dlya-pk-i-noutbukov/crucial-32-gb-ddr4-3200-mhz-ct32g4dfd832a/
164941,https://hotline.ua/computer-moduli-pamyati-dlya-pk-i-noutbukov/kingston-32-gb-ddr4-3200-mhz-kvr32n22d832/
164938,https://hotline.ua/computer-moduli-pamyati-dlya-pk-i-noutbukov/crucial-32-gb-so-dimm-ddr4-3200-mhz-ct32g4sfd832a/
164940,https://hotline.ua/computer-moduli-pamyati-dlya-pk-i-noutbukov/crucial-32-gb-so-dimm-ddr4-3200-mhz-ballistix-black-bl32g32c16s4b/
164927,https://hotline.ua/computer-moduli-pamyati-dlya-pk-i-noutbukov/kingston-32-gb-so-dimm-ddr4-2666-mhz-kvr26s19d832/
164925,https://hotline.ua/computer-moduli-pamyati-dlya-pk-i-noutbukov/crucial-32-gb-so-dimm-ddr4-2666-mhz-ct32g4sfd8266/
164937,https://hotline.ua/computer-moduli-pamyati-dlya-pk-i-noutbukov/hyperx-16-gb-so-dimm-ddr4-3200-mhz-impact-hx432s20ib216/
164936,https://hotline.ua/computer-moduli-pamyati-dlya-pk-i-noutbukov/crucial-16-gb-so-dimm-ddr4-3200-mhz-ballistix-black-bl16g32c16s4b/
164910,https://hotline.ua/computer-moduli-pamyati-dlya-pk-i-noutbukov/amd-16-gb-so-dimm-ddr4-2400-mhz-radeon-r7-performance-r7416g2400s2s-u/
164911,https://hotline.ua/computer-moduli-pamyati-dlya-pk-i-noutbukov/amd-16-gb-ddr4-2400-mhz-radeon-r7-performance-r7416g2400u2s-u/
164908,https://hotline.ua/computer-moduli-pamyati-dlya-pk-i-noutbukov/amd-8-gb-so-dimm-ddr4-2400-mhz-r748g2400s2s-u/
164909,https://hotline.ua/computer-moduli-pamyati-dlya-pk-i-noutbukov/amd-8-gb-ddr4-2400-mhz-r748g2400u2s-u/
164913,https://hotline.ua/computer-moduli-pamyati-dlya-pk-i-noutbukov/amd-4-gb-so-dimm-ddr4-2666-mhz-radeon-r7-performance-r744g2606s1s-u/
164916,https://hotline.ua/computer-moduli-pamyati-dlya-pk-i-noutbukov/amd-8-gb-so-dimm-ddr4-2666-mhz-radeon-r7-performance-r748g2606s2s-u/
164915,https://hotline.ua/computer-moduli-pamyati-dlya-pk-i-noutbukov/lexar-8-gb-so-dimm-ddr4-2666-mhz-ld4as008g-r2666gsst/
164926,https://hotline.ua/computer-moduli-pamyati-dlya-pk-i-noutbukov/kingston-32-gb-ddr4-2666-mhz-kvr26n19d832/
164924,https://hotline.ua/computer-moduli-pamyati-dlya-pk-i-noutbukov/amd-32-gb-ddr4-2666-mhz-radeon-r7-performance-r7s432g2606u2s/
164930,https://hotline.ua/computer-moduli-pamyati-dlya-pk-i-noutbukov/patriot-8-gb-ddr4-3200-mhz-signature-premium-psp48g320081h1/
164907,https://hotline.ua/computer-moduli-pamyati-dlya-pk-i-noutbukov/amd-4-gb-ddr4-2400-mhz-r744g2400u1s-u-r744g2400u1s-u/
164904,https://hotline.ua/computer-moduli-pamyati-dlya-pk-i-noutbukov/gskill_4_gb_so-dimm_ddr3_1066_mhz_f3-8500cl7s-4gbsq/
164903,https://hotline.ua/computer-moduli-pamyati-dlya-pk-i-noutbukov/micron-4-gb-ddr3-1066-mhz-mt16jss51264hz-1g1a1/
164906,https://hotline.ua/computer-moduli-pamyati-dlya-pk-i-noutbukov/amd-4-gb-ddr4-2133-mhz-r744g2133u1s-u-r744g2133u1s-u/
164948,https://hotline.ua/computer-moduli-pamyati-dlya-pk-i-noutbukov/apacer-8-gb-so-dimm-ddr4-2400-mhz-es08g2tgfh/
164949,https://hotline.ua/computer-moduli-pamyati-dlya-pk-i-noutbukov/kingston-8-gb-so-dimm-ddr4-2400-mhz-hyperx-impact-hx424s14ib28/
164950,https://hotline.ua/computer-moduli-pamyati-dlya-pk-i-noutbukov/goodram-16-gb-so-dimm-ddr4-2400-mhz-gr2400s464l1716g/
164951,https://hotline.ua/computer-moduli-pamyati-dlya-pk-i-noutbukov/crucial-8-gb-so-dimm-ddr4-3200-mhz-ct8g4sfra32a/
164955,https://hotline.ua/computer-moduli-pamyati-dlya-pk-i-noutbukov/ramaxel-4-gb-so-dimm-ddr3l-1600-mhz-rmt3170me68f9f-1600/
164957,https://hotline.ua/computer-moduli-pamyati-dlya-pk-i-noutbukov/samsung-2-gb-so-dimm-ddr3-1600-mhz-m471b5773eb0-ck0/
164958,https://hotline.ua/computer-moduli-pamyati-dlya-pk-i-noutbukov/samsung-8-gb-ddr4-2400-mhz-m378a1k43bb2-crc/
164960,https://hotline.ua/computer-moduli-pamyati-dlya-pk-i-noutbukov/gskill-8-gb-2x4gb-so-dimm-ddr3-1333-mhz-f3-10666cl9d-8gbsq/
164959,https://hotline.ua/computer-moduli-pamyati-dlya-pk-i-noutbukov/sk-hynix-8-gb-ddr4-2666-mhz-hma81gs6afr8n-vk/
164961,https://hotline.ua/computer-moduli-pamyati-dlya-pk-i-noutbukov/sk-hynix-8-gb-ddr4-2666-mhz-hma81gs6djr8n-vk/
164414,https://hotline.ua/computer-moduli-pamyati-dlya-pk-i-noutbukov/micron-8-gb-so-dimm-ddr3-1600-mhz-mt16ktf1g64hz-1g6n1/
163445,https://hotline.ua/computer-moduli-pamyati-dlya-pk-i-noutbukov/micron-2-gb-so-dimm-ddr3-1066-mhz-mt16jsf25664hz-1g1f1/
164966,https://hotline.ua/computer-moduli-pamyati-dlya-pk-i-noutbukov/crucial-32-gb-so-dimm-ddr4-2666-mhz-ct32g4sfd8266/
164969,https://hotline.ua/computer-moduli-pamyati-dlya-pk-i-noutbukov/kingston-4-gb-so-dimm-ddr3l-1600-mhz-acr16d3ls1kbgr4g/
164974,https://hotline.ua/computer-moduli-pamyati-dlya-pk-i-noutbukov/samsung-4-gb-ddr4-3200-mhz-m471a5244cb0-cwe/
164981,https://hotline.ua/computer-moduli-pamyati-dlya-pk-i-noutbukov/crucial-2-gb-so-dimm-ddr3-1066-mhz-ct25664bc1067/
164991,https://hotline.ua/computer-moduli-pamyati-dlya-pk-i-noutbukov/team-4-gb-ddr3-1600-mhz-ted34g1600c11bk/
164584,https://hotline.ua/computer-moduli-pamyati-dlya-pk-i-noutbukov/sk-hynix-8-gb-so-dimm-ddr4-2400-mhz-hma81gs6cjr8n-uh/
